system:index,crop_label,sample_id,soil_bd,soil_clay,soil_oc,soil_ph,soil_sand,.geo
0_0,2,0,153,19,2,79,50,"{""type"":""MultiPoint"",""coordinates"":[]}"
1_0,2,1,155,19,2,77,44,"{""type"":""MultiPoint"",""coordinates"":[]}"
2_0,5,2,159,19,2,78,46,"{""type"":""MultiPoint"",""coordinates"":[]}"
3_0,5,3,158,22,3,73,41,"{""type"":""MultiPoint"",""coordinates"":[]}"
4_0,5,4,154,33,2,75,26,"{""type"":""MultiPoint"",""coordinates"":[]}"
5_0,0,5,139,36,4,72,28,"{""type"":""MultiPoint"",""coordinates"":[]}"
6_0,5,6,159,27,2,75,35,"{""type"":""MultiPoint"",""coordinates"":[]}"
7_0,5,7,158,31,2,73,28,"{""type"":""MultiPoint"",""coordinates"":[]}"
8_0,4,8,154,18,2,75,44,"{""type"":""MultiPoint"",""coordinates"":[]}"
9_0,1,9,156,26,2,76,36,"{""type"":""MultiPoint"",""coordinates"":[]}"
10_0,2,10,158,21,2,77,45,"{""type"":""MultiPoint"",""coordinates"":[]}"
11_0,2,11,156,18,2,76,42,"{""type"":""MultiPoint"",""coordinates"":[]}"
12_0,0,12,148,39,4,75,25,"{""type"":""MultiPoint"",""coordinates"":[]}"
13_0,5,13,157,17,2,79,50,"{""type"":""MultiPoint"",""coordinates"":[]}"
14_0,5,14,160,25,2,76,35,"{""type"":""MultiPoint"",""coordinates"":[]}"
15_0,5,15,159,27,2,76,32,"{""type"":""MultiPoint"",""coordinates"":[]}"
16_0,5,16,158,17,2,78,46,"{""type"":""MultiPoint"",""coordinates"":[]}"
17_0,1,17,154,27,4,74,33,"{""type"":""MultiPoint"",""coordinates"":[]}"
18_0,5,18,154,17,2,75,48,"{""type"":""MultiPoint"",""coordinates"":[]}"
19_0,5,19,157,22,2,73,42,"{""type"":""MultiPoint"",""coordinates"":[]}"
20_0,1,20,146,27,4,70,32,"{""type"":""MultiPoint"",""coordinates"":[]}"
21_0,5,21,150,33,2,75,28,"{""type"":""MultiPoint"",""coordinates"":[]}"
22_0,5,22,161,28,2,74,36,"{""type"":""MultiPoint"",""coordinates"":[]}"
23_0,2,23,154,19,2,77,45,"{""type"":""MultiPoint"",""coordinates"":[]}"
24_0,0,24,154,25,3,72,37,"{""type"":""MultiPoint"",""coordinates"":[]}"
25_0,0,25,140,36,3,74,30,"{""type"":""MultiPoint"",""coordinates"":[]}"
26_0,2,26,157,21,2,77,45,"{""type"":""MultiPoint"",""coordinates"":[]}"
27_0,3,27,155,20,2,73,39,"{""type"":""MultiPoint"",""coordinates"":[]}"
28_0,0,28,156,36,5,76,25,"{""type"":""MultiPoint"",""coordinates"":[]}"
29_0,5,29,169,20,2,69,45,"{""type"":""MultiPoint"",""coordinates"":[]}"
30_0,5,30,151,30,2,76,27,"{""type"":""MultiPoint"",""coordinates"":[]}"
31_0,5,31,135,36,5,75,23,"{""type"":""MultiPoint"",""coordinates"":[]}"
32_0,2,32,155,20,2,75,43,"{""type"":""MultiPoint"",""coordinates"":[]}"
33_0,2,33,152,17,2,76,44,"{""type"":""MultiPoint"",""coordinates"":[]}"
34_0,5,34,156,17,2,77,48,"{""type"":""MultiPoint"",""coordinates"":[]}"
35_0,2,35,142,27,2,72,32,"{""type"":""MultiPoint"",""coordinates"":[]}"
36_0,0,36,146,35,3,75,25,"{""type"":""MultiPoint"",""coordinates"":[]}"
37_0,5,37,155,20,5,71,41,"{""type"":""MultiPoint"",""coordinates"":[]}"
38_0,5,38,153,26,2,76,38,"{""type"":""MultiPoint"",""coordinates"":[]}"
39_0,2,39,156,22,2,76,43,"{""type"":""MultiPoint"",""coordinates"":[]}"
40_0,5,40,151,18,2,77,46,"{""type"":""MultiPoint"",""coordinates"":[]}"
41_0,2,41,160,21,2,78,41,"{""type"":""MultiPoint"",""coordinates"":[]}"
42_0,0,42,147,38,5,74,23,"{""type"":""MultiPoint"",""coordinates"":[]}"
43_0,5,43,167,19,2,72,42,"{""type"":""MultiPoint"",""coordinates"":[]}"
44_0,0,44,120,40,5,76,23,"{""type"":""MultiPoint"",""coordinates"":[]}"
45_0,5,45,151,19,4,73,43,"{""type"":""MultiPoint"",""coordinates"":[]}"
46_0,5,46,153,31,2,75,32,"{""type"":""MultiPoint"",""coordinates"":[]}"
47_0,5,47,163,18,3,68,56,"{""type"":""MultiPoint"",""coordinates"":[]}"
48_0,3,48,160,22,2,78,41,"{""type"":""MultiPoint"",""coordinates"":[]}"
49_0,5,49,156,24,2,76,39,"{""type"":""MultiPoint"",""coordinates"":[]}"
50_0,2,50,166,19,2,74,40,"{""type"":""MultiPoint"",""coordinates"":[]}"
51_0,0,51,146,34,3,76,28,"{""type"":""MultiPoint"",""coordinates"":[]}"
52_0,1,52,157,22,3,75,43,"{""type"":""MultiPoint"",""coordinates"":[]}"
53_0,1,53,157,18,2,72,45,"{""type"":""MultiPoint"",""coordinates"":[]}"
54_0,5,54,147,28,2,76,35,"{""type"":""MultiPoint"",""coordinates"":[]}"
55_0,2,55,156,18,2,78,45,"{""type"":""MultiPoint"",""coordinates"":[]}"
56_0,5,56,168,21,4,69,42,"{""type"":""MultiPoint"",""coordinates"":[]}"
57_0,2,57,157,22,2,78,43,"{""type"":""MultiPoint"",""coordinates"":[]}"
58_0,2,58,158,22,2,75,42,"{""type"":""MultiPoint"",""coordinates"":[]}"
59_0,5,59,164,37,4,71,25,"{""type"":""MultiPoint"",""coordinates"":[]}"
60_0,5,60,156,18,2,79,51,"{""type"":""MultiPoint"",""coordinates"":[]}"
61_0,5,61,155,22,2,77,45,"{""type"":""MultiPoint"",""coordinates"":[]}"
62_0,5,62,168,24,2,76,40,"{""type"":""MultiPoint"",""coordinates"":[]}"
63_0,5,63,161,26,2,76,36,"{""type"":""MultiPoint"",""coordinates"":[]}"
64_0,1,64,153,17,2,75,47,"{""type"":""MultiPoint"",""coordinates"":[]}"
65_0,2,65,159,22,2,79,44,"{""type"":""MultiPoint"",""coordinates"":[]}"
66_0,5,66,158,21,2,80,41,"{""type"":""MultiPoint"",""coordinates"":[]}"
67_0,5,67,160,20,2,76,43,"{""type"":""MultiPoint"",""coordinates"":[]}"
68_0,2,68,145,36,4,71,27,"{""type"":""MultiPoint"",""coordinates"":[]}"
69_0,5,69,157,40,2,77,21,"{""type"":""MultiPoint"",""coordinates"":[]}"
70_0,2,70,152,27,2,75,36,"{""type"":""MultiPoint"",""coordinates"":[]}"
71_0,4,71,153,18,2,78,47,"{""type"":""MultiPoint"",""coordinates"":[]}"
72_0,5,72,160,26,2,75,40,"{""type"":""MultiPoint"",""coordinates"":[]}"
73_0,2,73,148,20,2,72,38,"{""type"":""MultiPoint"",""coordinates"":[]}"
74_0,2,74,150,24,2,73,35,"{""type"":""MultiPoint"",""coordinates"":[]}"
75_0,0,75,0,0,0,0,0,"{""type"":""MultiPoint"",""coordinates"":[]}"
76_0,2,76,152,26,2,73,33,"{""type"":""MultiPoint"",""coordinates"":[]}"
77_0,2,77,157,19,2,80,49,"{""type"":""MultiPoint"",""coordinates"":[]}"
78_0,5,78,155,20,2,76,45,"{""type"":""MultiPoint"",""coordinates"":[]}"
79_0,1,79,148,27,3,75,38,"{""type"":""MultiPoint"",""coordinates"":[]}"
80_0,4,80,158,30,2,76,29,"{""type"":""MultiPoint"",""coordinates"":[]}"
81_0,5,81,156,17,2,79,48,"{""type"":""MultiPoint"",""coordinates"":[]}"
82_0,5,82,160,20,2,80,44,"{""type"":""MultiPoint"",""coordinates"":[]}"
83_0,5,83,157,22,2,79,44,"{""type"":""MultiPoint"",""coordinates"":[]}"
84_0,2,84,157,22,2,78,41,"{""type"":""MultiPoint"",""coordinates"":[]}"
85_0,3,85,157,15,2,78,49,"{""type"":""MultiPoint"",""coordinates"":[]}"
86_0,5,86,152,22,2,77,41,"{""type"":""MultiPoint"",""coordinates"":[]}"
87_0,5,87,153,18,2,73,48,"{""type"":""MultiPoint"",""coordinates"":[]}"
88_0,1,88,155,26,2,72,31,"{""type"":""MultiPoint"",""coordinates"":[]}"
89_0,5,89,155,24,2,77,39,"{""type"":""MultiPoint"",""coordinates"":[]}"
90_0,0,90,149,31,3,74,29,"{""type"":""MultiPoint"",""coordinates"":[]}"
91_0,0,91,149,37,4,75,25,"{""type"":""MultiPoint"",""coordinates"":[]}"
92_0,5,92,156,28,2,76,31,"{""type"":""MultiPoint"",""coordinates"":[]}"
93_0,5,93,149,39,2,77,21,"{""type"":""MultiPoint"",""coordinates"":[]}"
94_0,5,94,157,22,2,72,41,"{""type"":""MultiPoint"",""coordinates"":[]}"
95_0,5,95,164,20,3,67,42,"{""type"":""MultiPoint"",""coordinates"":[]}"
96_0,5,96,152,31,2,77,26,"{""type"":""MultiPoint"",""coordinates"":[]}"
97_0,0,97,146,41,5,75,26,"{""type"":""MultiPoint"",""coordinates"":[]}"
98_0,2,98,155,27,2,75,32,"{""type"":""MultiPoint"",""coordinates"":[]}"
99_0,2,99,163,24,2,71,38,"{""type"":""MultiPoint"",""coordinates"":[]}"
100_0,2,100,149,29,3,71,30,"{""type"":""MultiPoint"",""coordinates"":[]}"
101_0,0,101,151,42,5,75,25,"{""type"":""MultiPoint"",""coordinates"":[]}"
102_0,5,102,142,36,4,74,22,"{""type"":""MultiPoint"",""coordinates"":[]}"
103_0,3,103,161,23,2,75,39,"{""type"":""MultiPoint"",""coordinates"":[]}"
104_0,5,104,153,30,3,73,32,"{""type"":""MultiPoint"",""coordinates"":[]}"
105_0,2,105,158,24,2,78,41,"{""type"":""MultiPoint"",""coordinates"":[]}"
106_0,2,106,155,25,2,74,38,"{""type"":""MultiPoint"",""coordinates"":[]}"
107_0,2,107,158,21,2,78,44,"{""type"":""MultiPoint"",""coordinates"":[]}"
108_0,5,108,151,20,2,75,43,"{""type"":""MultiPoint"",""coordinates"":[]}"
109_0,3,109,157,19,2,78,47,"{""type"":""MultiPoint"",""coordinates"":[]}"
110_0,2,110,155,22,2,79,42,"{""type"":""MultiPoint"",""coordinates"":[]}"
111_0,5,111,158,28,2,76,36,"{""type"":""MultiPoint"",""coordinates"":[]}"
112_0,2,112,159,17,2,80,46,"{""type"":""MultiPoint"",""coordinates"":[]}"
113_0,5,113,161,25,2,74,38,"{""type"":""MultiPoint"",""coordinates"":[]}"
114_0,2,114,153,16,2,76,46,"{""type"":""MultiPoint"",""coordinates"":[]}"
115_0,2,115,151,24,3,75,43,"{""type"":""MultiPoint"",""coordinates"":[]}"
116_0,0,116,148,34,2,77,23,"{""type"":""MultiPoint"",""coordinates"":[]}"
117_0,5,117,151,29,2,74,30,"{""type"":""MultiPoint"",""coordinates"":[]}"
118_0,0,118,147,34,3,76,29,"{""type"":""MultiPoint"",""coordinates"":[]}"
119_0,5,119,135,29,6,69,32,"{""type"":""MultiPoint"",""coordinates"":[]}"
120_0,2,120,164,22,2,76,38,"{""type"":""MultiPoint"",""coordinates"":[]}"
121_0,0,121,141,38,5,74,24,"{""type"":""MultiPoint"",""coordinates"":[]}"
122_0,5,122,157,20,2,79,45,"{""type"":""MultiPoint"",""coordinates"":[]}"
123_0,5,123,158,27,2,78,37,"{""type"":""MultiPoint"",""coordinates"":[]}"
124_0,5,124,152,30,2,74,27,"{""type"":""MultiPoint"",""coordinates"":[]}"
125_0,0,125,150,26,3,74,39,"{""type"":""MultiPoint"",""coordinates"":[]}"
126_0,2,126,149,23,2,70,40,"{""type"":""MultiPoint"",""coordinates"":[]}"
127_0,2,127,157,20,2,77,45,"{""type"":""MultiPoint"",""coordinates"":[]}"
128_0,2,128,158,24,2,79,42,"{""type"":""MultiPoint"",""coordinates"":[]}"
129_0,5,129,157,19,2,77,48,"{""type"":""MultiPoint"",""coordinates"":[]}"
130_0,0,130,133,41,4,73,23,"{""type"":""MultiPoint"",""coordinates"":[]}"
131_0,2,131,158,18,2,77,43,"{""type"":""MultiPoint"",""coordinates"":[]}"
132_0,2,132,159,21,2,77,43,"{""type"":""MultiPoint"",""coordinates"":[]}"
133_0,1,133,156,26,2,69,38,"{""type"":""MultiPoint"",""coordinates"":[]}"
134_0,5,134,152,31,2,76,29,"{""type"":""MultiPoint"",""coordinates"":[]}"
135_0,0,135,152,37,4,83,23,"{""type"":""MultiPoint"",""coordinates"":[]}"
136_0,5,136,157,30,2,77,31,"{""type"":""MultiPoint"",""coordinates"":[]}"
137_0,2,137,162,23,2,74,39,"{""type"":""MultiPoint"",""coordinates"":[]}"
138_0,2,138,155,18,2,80,44,"{""type"":""MultiPoint"",""coordinates"":[]}"
139_0,2,139,155,19,2,79,45,"{""type"":""MultiPoint"",""coordinates"":[]}"
140_0,5,140,152,26,2,77,32,"{""type"":""MultiPoint"",""coordinates"":[]}"
141_0,5,141,135,34,5,70,31,"{""type"":""MultiPoint"",""coordinates"":[]}"
142_0,3,142,157,25,2,75,39,"{""type"":""MultiPoint"",""coordinates"":[]}"
143_0,2,143,157,23,2,79,42,"{""type"":""MultiPoint"",""coordinates"":[]}"
144_0,2,144,152,17,2,79,47,"{""type"":""MultiPoint"",""coordinates"":[]}"
145_0,2,145,157,17,2,77,48,"{""type"":""MultiPoint"",""coordinates"":[]}"
146_0,0,146,149,35,5,74,27,"{""type"":""MultiPoint"",""coordinates"":[]}"
147_0,5,147,154,17,2,77,47,"{""type"":""MultiPoint"",""coordinates"":[]}"
148_0,2,148,158,21,2,81,43,"{""type"":""MultiPoint"",""coordinates"":[]}"
149_0,0,149,140,42,6,74,21,"{""type"":""MultiPoint"",""coordinates"":[]}"
150_0,2,150,157,21,2,78,44,"{""type"":""MultiPoint"",""coordinates"":[]}"
151_0,4,151,153,17,2,79,50,"{""type"":""MultiPoint"",""coordinates"":[]}"
152_0,1,152,155,26,2,76,34,"{""type"":""MultiPoint"",""coordinates"":[]}"
153_0,5,153,163,26,2,75,38,"{""type"":""MultiPoint"",""coordinates"":[]}"
154_0,3,154,158,21,2,78,40,"{""type"":""MultiPoint"",""coordinates"":[]}"
155_0,5,155,159,19,2,76,44,"{""type"":""MultiPoint"",""coordinates"":[]}"
156_0,5,156,157,22,2,76,41,"{""type"":""MultiPoint"",""coordinates"":[]}"
157_0,0,157,143,38,5,75,22,"{""type"":""MultiPoint"",""coordinates"":[]}"
158_0,5,158,169,24,2,69,41,"{""type"":""MultiPoint"",""coordinates"":[]}"
159_0,5,159,156,21,2,78,43,"{""type"":""MultiPoint"",""coordinates"":[]}"
160_0,5,160,123,37,5,72,31,"{""type"":""MultiPoint"",""coordinates"":[]}"
161_0,0,161,145,41,4,72,24,"{""type"":""MultiPoint"",""coordinates"":[]}"
162_0,5,162,149,21,2,76,44,"{""type"":""MultiPoint"",""coordinates"":[]}"
163_0,5,163,158,25,2,74,39,"{""type"":""MultiPoint"",""coordinates"":[]}"
164_0,0,164,137,36,5,75,27,"{""type"":""MultiPoint"",""coordinates"":[]}"
165_0,5,165,155,29,2,77,35,"{""type"":""MultiPoint"",""coordinates"":[]}"
166_0,2,166,156,18,2,75,44,"{""type"":""MultiPoint"",""coordinates"":[]}"
167_0,5,167,140,29,3,74,28,"{""type"":""MultiPoint"",""coordinates"":[]}"
168_0,2,168,156,22,3,77,44,"{""type"":""MultiPoint"",""coordinates"":[]}"
169_0,5,169,150,15,2,77,52,"{""type"":""MultiPoint"",""coordinates"":[]}"
170_0,2,170,149,26,3,74,35,"{""type"":""MultiPoint"",""coordinates"":[]}"
171_0,2,171,156,18,2,78,44,"{""type"":""MultiPoint"",""coordinates"":[]}"
172_0,5,172,157,21,3,77,44,"{""type"":""MultiPoint"",""coordinates"":[]}"
173_0,2,173,158,18,2,76,43,"{""type"":""MultiPoint"",""coordinates"":[]}"
174_0,5,174,156,23,2,78,43,"{""type"":""MultiPoint"",""coordinates"":[]}"
175_0,0,175,152,35,3,74,25,"{""type"":""MultiPoint"",""coordinates"":[]}"
176_0,5,176,154,25,17,72,40,"{""type"":""MultiPoint"",""coordinates"":[]}"
177_0,2,177,157,18,2,80,50,"{""type"":""MultiPoint"",""coordinates"":[]}"
178_0,2,178,160,21,3,73,44,"{""type"":""MultiPoint"",""coordinates"":[]}"
179_0,2,179,161,21,2,70,40,"{""type"":""MultiPoint"",""coordinates"":[]}"
180_0,0,180,143,36,5,77,26,"{""type"":""MultiPoint"",""coordinates"":[]}"
181_0,0,181,157,20,2,74,41,"{""type"":""MultiPoint"",""coordinates"":[]}"
182_0,3,182,158,20,2,76,40,"{""type"":""MultiPoint"",""coordinates"":[]}"
183_0,0,183,144,39,4,75,22,"{""type"":""MultiPoint"",""coordinates"":[]}"
184_0,4,184,152,20,2,76,41,"{""type"":""MultiPoint"",""coordinates"":[]}"
185_0,4,185,158,17,2,79,53,"{""type"":""MultiPoint"",""coordinates"":[]}"
186_0,2,186,162,18,2,77,45,"{""type"":""MultiPoint"",""coordinates"":[]}"
187_0,2,187,155,22,2,79,44,"{""type"":""MultiPoint"",""coordinates"":[]}"
188_0,0,188,144,28,4,75,38,"{""type"":""MultiPoint"",""coordinates"":[]}"
189_0,2,189,155,20,2,76,41,"{""type"":""MultiPoint"",""coordinates"":[]}"
190_0,2,190,154,19,2,80,48,"{""type"":""MultiPoint"",""coordinates"":[]}"
191_0,0,191,151,40,5,75,23,"{""type"":""MultiPoint"",""coordinates"":[]}"
192_0,5,192,153,30,2,73,31,"{""type"":""MultiPoint"",""coordinates"":[]}"
193_0,5,193,154,18,2,76,50,"{""type"":""MultiPoint"",""coordinates"":[]}"
194_0,5,194,160,20,2,77,45,"{""type"":""MultiPoint"",""coordinates"":[]}"
195_0,5,195,159,24,2,79,43,"{""type"":""MultiPoint"",""coordinates"":[]}"
196_0,3,196,158,21,2,76,40,"{""type"":""MultiPoint"",""coordinates"":[]}"
197_0,2,197,167,20,2,71,41,"{""type"":""MultiPoint"",""coordinates"":[]}"
198_0,2,198,156,22,2,78,41,"{""type"":""MultiPoint"",""coordinates"":[]}"
199_0,5,199,166,22,3,69,37,"{""type"":""MultiPoint"",""coordinates"":[]}"
200_0,5,200,160,24,2,76,40,"{""type"":""MultiPoint"",""coordinates"":[]}"
201_0,2,201,158,21,2,80,43,"{""type"":""MultiPoint"",""coordinates"":[]}"
202_0,5,202,153,24,2,78,39,"{""type"":""MultiPoint"",""coordinates"":[]}"
203_0,5,203,157,21,2,78,43,"{""type"":""MultiPoint"",""coordinates"":[]}"
204_0,5,204,163,28,2,75,36,"{""type"":""MultiPoint"",""coordinates"":[]}"
205_0,2,205,158,20,2,75,44,"{""type"":""MultiPoint"",""coordinates"":[]}"
206_0,0,206,145,45,5,76,20,"{""type"":""MultiPoint"",""coordinates"":[]}"
207_0,5,207,156,20,2,76,43,"{""type"":""MultiPoint"",""coordinates"":[]}"
208_0,5,208,160,23,2,76,40,"{""type"":""MultiPoint"",""coordinates"":[]}"
209_0,5,209,159,23,2,75,39,"{""type"":""MultiPoint"",""coordinates"":[]}"
210_0,5,210,153,20,2,73,41,"{""type"":""MultiPoint"",""coordinates"":[]}"
211_0,2,211,156,19,2,75,45,"{""type"":""MultiPoint"",""coordinates"":[]}"
212_0,3,212,158,18,2,77,48,"{""type"":""MultiPoint"",""coordinates"":[]}"
213_0,2,213,153,17,2,79,51,"{""type"":""MultiPoint"",""coordinates"":[]}"
214_0,2,214,160,22,2,70,43,"{""type"":""MultiPoint"",""coordinates"":[]}"
215_0,2,215,159,17,2,79,50,"{""type"":""MultiPoint"",""coordinates"":[]}"
216_0,5,216,156,18,2,77,48,"{""type"":""MultiPoint"",""coordinates"":[]}"
217_0,2,217,159,25,2,77,38,"{""type"":""MultiPoint"",""coordinates"":[]}"
218_0,2,218,158,23,2,78,39,"{""type"":""MultiPoint"",""coordinates"":[]}"
219_0,1,219,155,17,2,75,44,"{""type"":""MultiPoint"",""coordinates"":[]}"
220_0,0,220,129,38,9,80,25,"{""type"":""MultiPoint"",""coordinates"":[]}"
221_0,1,221,157,26,2,72,41,"{""type"":""MultiPoint"",""coordinates"":[]}"
222_0,2,222,156,22,2,77,43,"{""type"":""MultiPoint"",""coordinates"":[]}"
223_0,5,223,165,21,2,73,40,"{""type"":""MultiPoint"",""coordinates"":[]}"
224_0,5,224,160,20,2,75,46,"{""type"":""MultiPoint"",""coordinates"":[]}"
225_0,2,225,157,22,2,76,45,"{""type"":""MultiPoint"",""coordinates"":[]}"
226_0,5,226,170,20,2,69,44,"{""type"":""MultiPoint"",""coordinates"":[]}"
227_0,5,227,160,22,2,75,44,"{""type"":""MultiPoint"",""coordinates"":[]}"
228_0,2,228,163,18,2,72,39,"{""type"":""MultiPoint"",""coordinates"":[]}"
229_0,2,229,158,18,2,80,47,"{""type"":""MultiPoint"",""coordinates"":[]}"
230_0,3,230,157,24,2,78,38,"{""type"":""MultiPoint"",""coordinates"":[]}"
231_0,5,231,156,21,2,77,44,"{""type"":""MultiPoint"",""coordinates"":[]}"
232_0,5,232,158,20,2,79,43,"{""type"":""MultiPoint"",""coordinates"":[]}"
233_0,5,233,159,22,2,80,45,"{""type"":""MultiPoint"",""coordinates"":[]}"
234_0,5,234,160,19,3,77,44,"{""type"":""MultiPoint"",""coordinates"":[]}"
235_0,5,235,158,26,2,75,32,"{""type"":""MultiPoint"",""coordinates"":[]}"
236_0,2,236,164,21,3,72,42,"{""type"":""MultiPoint"",""coordinates"":[]}"
237_0,5,237,155,20,2,80,41,"{""type"":""MultiPoint"",""coordinates"":[]}"
238_0,2,238,157,20,2,79,44,"{""type"":""MultiPoint"",""coordinates"":[]}"
239_0,5,239,169,18,2,67,46,"{""type"":""MultiPoint"",""coordinates"":[]}"
240_0,5,240,159,24,2,75,41,"{""type"":""MultiPoint"",""coordinates"":[]}"
241_0,5,241,159,17,2,76,50,"{""type"":""MultiPoint"",""coordinates"":[]}"
242_0,2,242,155,21,2,80,45,"{""type"":""MultiPoint"",""coordinates"":[]}"
243_0,1,243,159,25,4,70,39,"{""type"":""MultiPoint"",""coordinates"":[]}"
244_0,3,244,156,16,2,76,51,"{""type"":""MultiPoint"",""coordinates"":[]}"
245_0,2,245,158,21,2,78,44,"{""type"":""MultiPoint"",""coordinates"":[]}"
246_0,5,246,160,26,2,76,35,"{""type"":""MultiPoint"",""coordinates"":[]}"
247_0,2,247,160,20,2,77,43,"{""type"":""MultiPoint"",""coordinates"":[]}"
248_0,2,248,157,18,2,80,48,"{""type"":""MultiPoint"",""coordinates"":[]}"
249_0,5,249,164,19,2,73,43,"{""type"":""MultiPoint"",""coordinates"":[]}"
250_0,0,250,148,44,5,74,23,"{""type"":""MultiPoint"",""coordinates"":[]}"
251_0,0,251,147,35,6,73,25,"{""type"":""MultiPoint"",""coordinates"":[]}"
252_0,2,252,157,21,2,79,45,"{""type"":""MultiPoint"",""coordinates"":[]}"
253_0,5,253,155,24,2,78,35,"{""type"":""MultiPoint"",""coordinates"":[]}"
254_0,1,254,163,21,2,74,39,"{""type"":""MultiPoint"",""coordinates"":[]}"
255_0,2,255,151,25,2,72,38,"{""type"":""MultiPoint"",""coordinates"":[]}"
256_0,2,256,161,23,2,76,38,"{""type"":""MultiPoint"",""coordinates"":[]}"
257_0,0,257,155,39,3,74,19,"{""type"":""MultiPoint"",""coordinates"":[]}"
258_0,2,258,157,24,2,76,40,"{""type"":""MultiPoint"",""coordinates"":[]}"
259_0,5,259,162,29,2,74,29,"{""type"":""MultiPoint"",""coordinates"":[]}"
260_0,2,260,151,18,2,79,43,"{""type"":""MultiPoint"",""coordinates"":[]}"
261_0,5,261,157,22,2,74,40,"{""type"":""MultiPoint"",""coordinates"":[]}"
262_0,2,262,164,23,2,70,43,"{""type"":""MultiPoint"",""coordinates"":[]}"
263_0,5,263,155,22,2,76,39,"{""type"":""MultiPoint"",""coordinates"":[]}"
264_0,2,264,152,23,2,74,38,"{""type"":""MultiPoint"",""coordinates"":[]}"
265_0,2,265,151,28,2,73,31,"{""type"":""MultiPoint"",""coordinates"":[]}"
266_0,2,266,144,25,2,74,33,"{""type"":""MultiPoint"",""coordinates"":[]}"
267_0,2,267,159,20,2,78,41,"{""type"":""MultiPoint"",""coordinates"":[]}"
268_0,5,268,167,21,2,75,43,"{""type"":""MultiPoint"",""coordinates"":[]}"
269_0,1,269,162,23,2,76,44,"{""type"":""MultiPoint"",""coordinates"":[]}"
270_0,2,270,137,28,5,71,35,"{""type"":""MultiPoint"",""coordinates"":[]}"
271_0,5,271,156,25,2,75,33,"{""type"":""MultiPoint"",""coordinates"":[]}"
272_0,2,272,155,23,2,79,37,"{""type"":""MultiPoint"",""coordinates"":[]}"
273_0,1,273,151,20,2,77,43,"{""type"":""MultiPoint"",""coordinates"":[]}"
274_0,5,274,156,17,2,79,48,"{""type"":""MultiPoint"",""coordinates"":[]}"
275_0,5,275,166,22,2,72,43,"{""type"":""MultiPoint"",""coordinates"":[]}"
276_0,5,276,158,28,2,75,36,"{""type"":""MultiPoint"",""coordinates"":[]}"
277_0,2,277,155,20,2,72,42,"{""type"":""MultiPoint"",""coordinates"":[]}"
278_0,5,278,144,35,4,72,30,"{""type"":""MultiPoint"",""coordinates"":[]}"
279_0,2,279,154,20,2,80,43,"{""type"":""MultiPoint"",""coordinates"":[]}"
280_0,0,280,142,42,5,75,25,"{""type"":""MultiPoint"",""coordinates"":[]}"
281_0,5,281,160,26,2,72,39,"{""type"":""MultiPoint"",""coordinates"":[]}"
282_0,5,282,156,21,2,75,41,"{""type"":""MultiPoint"",""coordinates"":[]}"
283_0,0,283,134,43,6,73,21,"{""type"":""MultiPoint"",""coordinates"":[]}"
284_0,2,284,155,19,2,80,47,"{""type"":""MultiPoint"",""coordinates"":[]}"
285_0,5,285,159,20,2,77,43,"{""type"":""MultiPoint"",""coordinates"":[]}"
286_0,5,286,155,22,2,78,43,"{""type"":""MultiPoint"",""coordinates"":[]}"
287_0,5,287,157,21,2,76,45,"{""type"":""MultiPoint"",""coordinates"":[]}"
288_0,5,288,155,19,2,75,47,"{""type"":""MultiPoint"",""coordinates"":[]}"
289_0,2,289,148,20,4,70,40,"{""type"":""MultiPoint"",""coordinates"":[]}"
290_0,2,290,157,22,2,76,42,"{""type"":""MultiPoint"",""coordinates"":[]}"
291_0,0,291,145,44,5,78,21,"{""type"":""MultiPoint"",""coordinates"":[]}"
292_0,5,292,158,25,2,74,39,"{""type"":""MultiPoint"",""coordinates"":[]}"
293_0,2,293,150,31,4,73,31,"{""type"":""MultiPoint"",""coordinates"":[]}"
294_0,2,294,160,20,2,77,42,"{""type"":""MultiPoint"",""coordinates"":[]}"
295_0,5,295,153,24,3,74,40,"{""type"":""MultiPoint"",""coordinates"":[]}"
296_0,3,296,159,22,2,77,40,"{""type"":""MultiPoint"",""coordinates"":[]}"
297_0,0,297,148,41,4,75,24,"{""type"":""MultiPoint"",""coordinates"":[]}"
298_0,5,298,158,34,2,74,31,"{""type"":""MultiPoint"",""coordinates"":[]}"
299_0,2,299,147,30,3,74,30,"{""type"":""MultiPoint"",""coordinates"":[]}"
300_0,5,300,162,28,2,74,33,"{""type"":""MultiPoint"",""coordinates"":[]}"
301_0,5,301,158,26,2,78,40,"{""type"":""MultiPoint"",""coordinates"":[]}"
302_0,5,302,148,35,4,71,27,"{""type"":""MultiPoint"",""coordinates"":[]}"
303_0,5,303,161,21,2,73,42,"{""type"":""MultiPoint"",""coordinates"":[]}"
304_0,2,304,156,25,4,75,37,"{""type"":""MultiPoint"",""coordinates"":[]}"
305_0,5,305,157,22,2,76,40,"{""type"":""MultiPoint"",""coordinates"":[]}"
306_0,5,306,154,19,2,81,48,"{""type"":""MultiPoint"",""coordinates"":[]}"
307_0,5,307,160,23,2,78,39,"{""type"":""MultiPoint"",""coordinates"":[]}"
308_0,5,308,151,17,2,74,42,"{""type"":""MultiPoint"",""coordinates"":[]}"
309_0,5,309,149,37,4,75,24,"{""type"":""MultiPoint"",""coordinates"":[]}"
310_0,2,310,156,18,2,79,47,"{""type"":""MultiPoint"",""coordinates"":[]}"
311_0,5,311,155,23,2,74,41,"{""type"":""MultiPoint"",""coordinates"":[]}"
312_0,2,312,151,30,3,74,32,"{""type"":""MultiPoint"",""coordinates"":[]}"
313_0,5,313,150,37,2,74,22,"{""type"":""MultiPoint"",""coordinates"":[]}"
314_0,1,314,154,19,2,76,47,"{""type"":""MultiPoint"",""coordinates"":[]}"
315_0,3,315,157,21,2,78,44,"{""type"":""MultiPoint"",""coordinates"":[]}"
316_0,5,316,159,22,2,75,41,"{""type"":""MultiPoint"",""coordinates"":[]}"
317_0,4,317,158,24,2,75,44,"{""type"":""MultiPoint"",""coordinates"":[]}"
318_0,2,318,157,18,2,79,46,"{""type"":""MultiPoint"",""coordinates"":[]}"
319_0,2,319,150,17,2,75,43,"{""type"":""MultiPoint"",""coordinates"":[]}"
320_0,0,320,140,41,4,76,24,"{""type"":""MultiPoint"",""coordinates"":[]}"
321_0,0,321,162,42,5,73,25,"{""type"":""MultiPoint"",""coordinates"":[]}"
322_0,5,322,152,21,4,73,44,"{""type"":""MultiPoint"",""coordinates"":[]}"
323_0,2,323,156,21,2,77,43,"{""type"":""MultiPoint"",""coordinates"":[]}"
324_0,5,324,159,29,2,76,30,"{""type"":""MultiPoint"",""coordinates"":[]}"
325_0,2,325,153,24,2,78,40,"{""type"":""MultiPoint"",""coordinates"":[]}"
326_0,2,326,154,19,2,76,40,"{""type"":""MultiPoint"",""coordinates"":[]}"
327_0,2,327,155,26,2,79,34,"{""type"":""MultiPoint"",""coordinates"":[]}"
328_0,5,328,155,18,2,76,47,"{""type"":""MultiPoint"",""coordinates"":[]}"
329_0,2,329,156,21,2,79,44,"{""type"":""MultiPoint"",""coordinates"":[]}"
330_0,5,330,156,23,2,77,40,"{""type"":""MultiPoint"",""coordinates"":[]}"
331_0,5,331,153,37,2,74,23,"{""type"":""MultiPoint"",""coordinates"":[]}"
332_0,5,332,158,32,2,78,32,"{""type"":""MultiPoint"",""coordinates"":[]}"
333_0,5,333,150,27,4,73,36,"{""type"":""MultiPoint"",""coordinates"":[]}"
334_0,5,334,158,19,2,78,45,"{""type"":""MultiPoint"",""coordinates"":[]}"
335_0,0,335,145,39,4,74,25,"{""type"":""MultiPoint"",""coordinates"":[]}"
336_0,2,336,162,20,2,74,42,"{""type"":""MultiPoint"",""coordinates"":[]}"
337_0,5,337,158,30,2,75,31,"{""type"":""MultiPoint"",""coordinates"":[]}"
338_0,5,338,152,18,2,77,44,"{""type"":""MultiPoint"",""coordinates"":[]}"
339_0,5,339,156,18,2,76,43,"{""type"":""MultiPoint"",""coordinates"":[]}"
340_0,0,340,142,41,4,76,20,"{""type"":""MultiPoint"",""coordinates"":[]}"
341_0,2,341,154,23,2,76,39,"{""type"":""MultiPoint"",""coordinates"":[]}"
342_0,2,342,155,19,2,79,44,"{""type"":""MultiPoint"",""coordinates"":[]}"
343_0,3,343,161,20,2,81,44,"{""type"":""MultiPoint"",""coordinates"":[]}"
344_0,0,344,141,30,5,75,34,"{""type"":""MultiPoint"",""coordinates"":[]}"
345_0,5,345,154,19,2,72,47,"{""type"":""MultiPoint"",""coordinates"":[]}"
346_0,5,346,145,35,2,77,24,"{""type"":""MultiPoint"",""coordinates"":[]}"
347_0,5,347,164,25,2,74,36,"{""type"":""MultiPoint"",""coordinates"":[]}"
348_0,2,348,157,23,2,81,42,"{""type"":""MultiPoint"",""coordinates"":[]}"
349_0,5,349,164,23,2,76,39,"{""type"":""MultiPoint"",""coordinates"":[]}"
350_0,5,350,156,19,2,77,45,"{""type"":""MultiPoint"",""coordinates"":[]}"
351_0,5,351,149,17,2,78,50,"{""type"":""MultiPoint"",""coordinates"":[]}"
352_0,2,352,156,22,3,77,44,"{""type"":""MultiPoint"",""coordinates"":[]}"
353_0,0,353,145,41,5,78,20,"{""type"":""MultiPoint"",""coordinates"":[]}"
354_0,5,354,160,28,2,75,40,"{""type"":""MultiPoint"",""coordinates"":[]}"
355_0,1,355,164,31,2,77,31,"{""type"":""MultiPoint"",""coordinates"":[]}"
356_0,0,356,135,35,4,74,29,"{""type"":""MultiPoint"",""coordinates"":[]}"
357_0,2,357,151,32,3,74,28,"{""type"":""MultiPoint"",""coordinates"":[]}"
358_0,2,358,152,30,2,74,31,"{""type"":""MultiPoint"",""coordinates"":[]}"
359_0,5,359,156,21,3,76,42,"{""type"":""MultiPoint"",""coordinates"":[]}"
360_0,5,360,160,21,2,78,39,"{""type"":""MultiPoint"",""coordinates"":[]}"
361_0,2,361,157,18,2,73,45,"{""type"":""MultiPoint"",""coordinates"":[]}"
362_0,5,362,160,21,2,75,44,"{""type"":""MultiPoint"",""coordinates"":[]}"
363_0,1,363,161,28,2,79,32,"{""type"":""MultiPoint"",""coordinates"":[]}"
364_0,0,364,136,33,4,73,27,"{""type"":""MultiPoint"",""coordinates"":[]}"
365_0,5,365,159,20,2,77,44,"{""type"":""MultiPoint"",""coordinates"":[]}"
366_0,5,366,157,20,2,78,47,"{""type"":""MultiPoint"",""coordinates"":[]}"
367_0,2,367,156,21,2,77,44,"{""type"":""MultiPoint"",""coordinates"":[]}"
368_0,5,368,159,30,2,77,33,"{""type"":""MultiPoint"",""coordinates"":[]}"
369_0,5,369,157,20,2,78,44,"{""type"":""MultiPoint"",""coordinates"":[]}"
370_0,5,370,157,23,2,79,42,"{""type"":""MultiPoint"",""coordinates"":[]}"
371_0,5,371,157,23,2,74,39,"{""type"":""MultiPoint"",""coordinates"":[]}"
372_0,2,372,171,21,2,67,41,"{""type"":""MultiPoint"",""coordinates"":[]}"
373_0,5,373,156,19,2,75,45,"{""type"":""MultiPoint"",""coordinates"":[]}"
374_0,5,374,155,20,2,79,47,"{""type"":""MultiPoint"",""coordinates"":[]}"
375_0,1,375,158,25,2,73,40,"{""type"":""MultiPoint"",""coordinates"":[]}"
376_0,3,376,158,24,2,77,38,"{""type"":""MultiPoint"",""coordinates"":[]}"
377_0,0,377,138,36,4,73,28,"{""type"":""MultiPoint"",""coordinates"":[]}"
378_0,0,378,144,36,5,75,25,"{""type"":""MultiPoint"",""coordinates"":[]}"
379_0,2,379,157,18,2,80,46,"{""type"":""MultiPoint"",""coordinates"":[]}"
380_0,5,380,161,26,2,74,35,"{""type"":""MultiPoint"",""coordinates"":[]}"
381_0,1,381,151,20,2,73,47,"{""type"":""MultiPoint"",""coordinates"":[]}"
382_0,5,382,167,19,2,69,42,"{""type"":""MultiPoint"",""coordinates"":[]}"
383_0,5,383,156,18,2,76,52,"{""type"":""MultiPoint"",""coordinates"":[]}"
384_0,2,384,170,19,2,70,42,"{""type"":""MultiPoint"",""coordinates"":[]}"
385_0,5,385,154,24,3,77,42,"{""type"":""MultiPoint"",""coordinates"":[]}"
386_0,5,386,154,16,2,78,44,"{""type"":""MultiPoint"",""coordinates"":[]}"
387_0,5,387,154,20,2,78,44,"{""type"":""MultiPoint"",""coordinates"":[]}"
388_0,2,388,164,19,2,69,44,"{""type"":""MultiPoint"",""coordinates"":[]}"
389_0,2,389,155,20,2,71,40,"{""type"":""MultiPoint"",""coordinates"":[]}"
390_0,5,390,157,24,2,78,43,"{""type"":""MultiPoint"",""coordinates"":[]}"
391_0,0,391,153,41,1,71,24,"{""type"":""MultiPoint"",""coordinates"":[]}"
392_0,5,392,158,19,4,73,45,"{""type"":""MultiPoint"",""coordinates"":[]}"
393_0,5,393,149,27,3,72,31,"{""type"":""MultiPoint"",""coordinates"":[]}"
394_0,5,394,159,29,2,76,33,"{""type"":""MultiPoint"",""coordinates"":[]}"
395_0,0,395,145,38,5,76,20,"{""type"":""MultiPoint"",""coordinates"":[]}"
396_0,5,396,159,20,2,73,42,"{""type"":""MultiPoint"",""coordinates"":[]}"
397_0,5,397,159,28,2,76,35,"{""type"":""MultiPoint"",""coordinates"":[]}"
398_0,1,398,155,17,2,79,48,"{""type"":""MultiPoint"",""coordinates"":[]}"
399_0,2,399,151,29,2,74,32,"{""type"":""MultiPoint"",""coordinates"":[]}"
400_0,5,400,163,21,2,70,43,"{""type"":""MultiPoint"",""coordinates"":[]}"
401_0,2,401,160,22,2,77,40,"{""type"":""MultiPoint"",""coordinates"":[]}"
402_0,3,402,155,18,2,78,47,"{""type"":""MultiPoint"",""coordinates"":[]}"
403_0,2,403,156,21,2,78,42,"{""type"":""MultiPoint"",""coordinates"":[]}"
404_0,2,404,157,20,2,80,46,"{""type"":""MultiPoint"",""coordinates"":[]}"
405_0,5,405,155,22,1,79,42,"{""type"":""MultiPoint"",""coordinates"":[]}"
406_0,1,406,155,23,3,74,40,"{""type"":""MultiPoint"",""coordinates"":[]}"
407_0,0,407,148,39,3,76,19,"{""type"":""MultiPoint"",""coordinates"":[]}"
408_0,5,408,159,18,2,77,48,"{""type"":""MultiPoint"",""coordinates"":[]}"
409_0,2,409,156,24,2,76,37,"{""type"":""MultiPoint"",""coordinates"":[]}"
410_0,2,410,156,23,2,79,43,"{""type"":""MultiPoint"",""coordinates"":[]}"
411_0,0,411,153,41,4,72,26,"{""type"":""MultiPoint"",""coordinates"":[]}"
412_0,5,412,160,19,2,77,50,"{""type"":""MultiPoint"",""coordinates"":[]}"
413_0,1,413,163,23,2,74,39,"{""type"":""MultiPoint"",""coordinates"":[]}"
414_0,1,414,158,16,2,76,49,"{""type"":""MultiPoint"",""coordinates"":[]}"
415_0,2,415,163,21,2,76,41,"{""type"":""MultiPoint"",""coordinates"":[]}"
416_0,5,416,159,25,2,72,40,"{""type"":""MultiPoint"",""coordinates"":[]}"
417_0,5,417,138,27,2,74,29,"{""type"":""MultiPoint"",""coordinates"":[]}"
418_0,5,418,159,18,2,77,47,"{""type"":""MultiPoint"",""coordinates"":[]}"
419_0,5,419,153,34,3,72,26,"{""type"":""MultiPoint"",""coordinates"":[]}"
420_0,2,420,156,19,2,81,47,"{""type"":""MultiPoint"",""coordinates"":[]}"
421_0,0,421,149,40,2,69,25,"{""type"":""MultiPoint"",""coordinates"":[]}"
422_0,5,422,163,22,2,76,45,"{""type"":""MultiPoint"",""coordinates"":[]}"
423_0,5,423,157,19,2,78,47,"{""type"":""MultiPoint"",""coordinates"":[]}"
424_0,1,424,158,23,2,74,39,"{""type"":""MultiPoint"",""coordinates"":[]}"
425_0,5,425,145,38,3,71,23,"{""type"":""MultiPoint"",""coordinates"":[]}"
426_0,5,426,154,23,2,78,40,"{""type"":""MultiPoint"",""coordinates"":[]}"
427_0,0,427,157,39,5,72,26,"{""type"":""MultiPoint"",""coordinates"":[]}"
428_0,2,428,170,18,2,68,43,"{""type"":""MultiPoint"",""coordinates"":[]}"
429_0,2,429,147,21,2,74,40,"{""type"":""MultiPoint"",""coordinates"":[]}"
430_0,5,430,168,19,2,70,44,"{""type"":""MultiPoint"",""coordinates"":[]}"
431_0,5,431,162,20,2,70,53,"{""type"":""MultiPoint"",""coordinates"":[]}"
432_0,1,432,154,34,3,72,27,"{""type"":""MultiPoint"",""coordinates"":[]}"
433_0,5,433,147,38,3,75,22,"{""type"":""MultiPoint"",""coordinates"":[]}"
434_0,5,434,157,14,2,79,51,"{""type"":""MultiPoint"",""coordinates"":[]}"
435_0,1,435,156,20,2,76,47,"{""type"":""MultiPoint"",""coordinates"":[]}"
436_0,2,436,158,21,2,76,40,"{""type"":""MultiPoint"",""coordinates"":[]}"
437_0,3,437,155,22,2,71,42,"{""type"":""MultiPoint"",""coordinates"":[]}"
438_0,0,438,132,43,6,73,21,"{""type"":""MultiPoint"",""coordinates"":[]}"
439_0,5,439,159,24,2,73,40,"{""type"":""MultiPoint"",""coordinates"":[]}"
440_0,2,440,157,19,2,77,42,"{""type"":""MultiPoint"",""coordinates"":[]}"
441_0,0,441,133,38,5,71,28,"{""type"":""MultiPoint"",""coordinates"":[]}"
442_0,5,442,161,25,2,76,34,"{""type"":""MultiPoint"",""coordinates"":[]}"
443_0,5,443,151,29,3,73,34,"{""type"":""MultiPoint"",""coordinates"":[]}"
444_0,4,444,160,16,2,78,52,"{""type"":""MultiPoint"",""coordinates"":[]}"
445_0,2,445,172,19,2,69,42,"{""type"":""MultiPoint"",""coordinates"":[]}"
446_0,5,446,153,26,2,74,36,"{""type"":""MultiPoint"",""coordinates"":[]}"
447_0,0,447,148,40,5,73,27,"{""type"":""MultiPoint"",""coordinates"":[]}"
448_0,0,448,146,38,3,76,23,"{""type"":""MultiPoint"",""coordinates"":[]}"
449_0,2,449,155,20,2,80,46,"{""type"":""MultiPoint"",""coordinates"":[]}"
450_0,5,450,153,24,3,76,40,"{""type"":""MultiPoint"",""coordinates"":[]}"
451_0,0,451,158,21,4,73,43,"{""type"":""MultiPoint"",""coordinates"":[]}"
452_0,5,452,161,28,2,77,37,"{""type"":""MultiPoint"",""coordinates"":[]}"
453_0,5,453,160,21,2,74,47,"{""type"":""MultiPoint"",""coordinates"":[]}"
454_0,0,454,148,42,5,73,24,"{""type"":""MultiPoint"",""coordinates"":[]}"
455_0,2,455,157,19,2,78,48,"{""type"":""MultiPoint"",""coordinates"":[]}"
456_0,5,456,163,23,2,78,39,"{""type"":""MultiPoint"",""coordinates"":[]}"
457_0,5,457,159,20,2,79,46,"{""type"":""MultiPoint"",""coordinates"":[]}"
458_0,5,458,158,24,2,75,42,"{""type"":""MultiPoint"",""coordinates"":[]}"
459_0,5,459,161,27,2,75,37,"{""type"":""MultiPoint"",""coordinates"":[]}"
460_0,5,460,161,18,2,74,50,"{""type"":""MultiPoint"",""coordinates"":[]}"
461_0,5,461,162,30,2,72,30,"{""type"":""MultiPoint"",""coordinates"":[]}"
462_0,2,462,156,22,2,79,42,"{""type"":""MultiPoint"",""coordinates"":[]}"
463_0,2,463,153,23,2,75,36,"{""type"":""MultiPoint"",""coordinates"":[]}"
464_0,2,464,153,25,4,71,42,"{""type"":""MultiPoint"",""coordinates"":[]}"
465_0,5,465,157,24,3,73,37,"{""type"":""MultiPoint"",""coordinates"":[]}"
466_0,5,466,161,26,2,77,36,"{""type"":""MultiPoint"",""coordinates"":[]}"
467_0,2,467,147,32,3,76,31,"{""type"":""MultiPoint"",""coordinates"":[]}"
468_0,0,468,150,40,3,76,21,"{""type"":""MultiPoint"",""coordinates"":[]}"
469_0,5,469,168,20,2,69,42,"{""type"":""MultiPoint"",""coordinates"":[]}"
470_0,5,470,160,20,2,77,41,"{""type"":""MultiPoint"",""coordinates"":[]}"
471_0,0,471,150,37,6,75,25,"{""type"":""MultiPoint"",""coordinates"":[]}"
472_0,2,472,156,24,2,75,36,"{""type"":""MultiPoint"",""coordinates"":[]}"
473_0,5,473,172,21,3,68,42,"{""type"":""MultiPoint"",""coordinates"":[]}"
474_0,5,474,151,22,2,73,45,"{""type"":""MultiPoint"",""coordinates"":[]}"
475_0,5,475,157,25,2,75,36,"{""type"":""MultiPoint"",""coordinates"":[]}"
476_0,1,476,158,19,2,73,46,"{""type"":""MultiPoint"",""coordinates"":[]}"
477_0,5,477,153,19,2,79,49,"{""type"":""MultiPoint"",""coordinates"":[]}"
478_0,5,478,154,20,2,75,40,"{""type"":""MultiPoint"",""coordinates"":[]}"
479_0,5,479,158,32,2,75,29,"{""type"":""MultiPoint"",""coordinates"":[]}"
480_0,5,480,157,30,2,75,33,"{""type"":""MultiPoint"",""coordinates"":[]}"
481_0,0,481,139,43,4,69,20,"{""type"":""MultiPoint"",""coordinates"":[]}"
482_0,3,482,158,23,2,81,40,"{""type"":""MultiPoint"",""coordinates"":[]}"
483_0,1,483,157,20,2,71,44,"{""type"":""MultiPoint"",""coordinates"":[]}"
484_0,5,484,0,0,0,0,0,"{""type"":""MultiPoint"",""coordinates"":[]}"
485_0,0,485,148,36,4,74,25,"{""type"":""MultiPoint"",""coordinates"":[]}"
486_0,5,486,155,29,2,75,30,"{""type"":""MultiPoint"",""coordinates"":[]}"
487_0,1,487,157,17,2,78,46,"{""type"":""MultiPoint"",""coordinates"":[]}"
488_0,2,488,156,17,2,76,43,"{""type"":""MultiPoint"",""coordinates"":[]}"
489_0,0,489,141,36,5,74,26,"{""type"":""MultiPoint"",""coordinates"":[]}"
490_0,2,490,161,20,2,76,45,"{""type"":""MultiPoint"",""coordinates"":[]}"
491_0,5,491,152,17,2,77,50,"{""type"":""MultiPoint"",""coordinates"":[]}"
492_0,2,492,149,31,2,73,31,"{""type"":""MultiPoint"",""coordinates"":[]}"
493_0,5,493,161,17,2,78,51,"{""type"":""MultiPoint"",""coordinates"":[]}"
494_0,3,494,158,18,2,74,46,"{""type"":""MultiPoint"",""coordinates"":[]}"
495_0,5,495,150,20,2,73,40,"{""type"":""MultiPoint"",""coordinates"":[]}"
496_0,5,496,158,25,3,68,37,"{""type"":""MultiPoint"",""coordinates"":[]}"
497_0,2,497,162,21,3,75,42,"{""type"":""MultiPoint"",""coordinates"":[]}"
498_0,5,498,150,31,2,76,33,"{""type"":""MultiPoint"",""coordinates"":[]}"
499_0,5,499,153,18,2,77,46,"{""type"":""MultiPoint"",""coordinates"":[]}"
500_0,2,500,155,21,2,77,41,"{""type"":""MultiPoint"",""coordinates"":[]}"
501_0,2,501,156,23,2,74,40,"{""type"":""MultiPoint"",""coordinates"":[]}"
502_0,5,502,163,22,2,74,42,"{""type"":""MultiPoint"",""coordinates"":[]}"
503_0,2,503,156,19,1,78,49,"{""type"":""MultiPoint"",""coordinates"":[]}"
504_0,5,504,152,40,2,75,19,"{""type"":""MultiPoint"",""coordinates"":[]}"
505_0,5,505,160,27,2,75,35,"{""type"":""MultiPoint"",""coordinates"":[]}"
506_0,5,506,158,21,2,75,43,"{""type"":""MultiPoint"",""coordinates"":[]}"
507_0,5,507,160,20,3,74,44,"{""type"":""MultiPoint"",""coordinates"":[]}"
508_0,0,508,149,31,4,74,29,"{""type"":""MultiPoint"",""coordinates"":[]}"
509_0,0,509,155,33,3,76,28,"{""type"":""MultiPoint"",""coordinates"":[]}"
510_0,2,510,156,21,2,80,44,"{""type"":""MultiPoint"",""coordinates"":[]}"
511_0,2,511,157,22,2,80,43,"{""type"":""MultiPoint"",""coordinates"":[]}"
512_0,5,512,151,20,2,75,43,"{""type"":""MultiPoint"",""coordinates"":[]}"
513_0,5,513,162,28,2,76,32,"{""type"":""MultiPoint"",""coordinates"":[]}"
514_0,2,514,153,22,2,76,39,"{""type"":""MultiPoint"",""coordinates"":[]}"
515_0,0,515,137,30,1,75,34,"{""type"":""MultiPoint"",""coordinates"":[]}"
516_0,2,516,157,17,2,79,49,"{""type"":""MultiPoint"",""coordinates"":[]}"
517_0,5,517,154,27,2,76,29,"{""type"":""MultiPoint"",""coordinates"":[]}"
518_0,0,518,146,37,4,76,23,"{""type"":""MultiPoint"",""coordinates"":[]}"
519_0,5,519,167,18,2,74,44,"{""type"":""MultiPoint"",""coordinates"":[]}"
520_0,2,520,151,23,3,71,40,"{""type"":""MultiPoint"",""coordinates"":[]}"
521_0,2,521,165,22,4,76,38,"{""type"":""MultiPoint"",""coordinates"":[]}"
522_0,1,522,153,15,2,75,49,"{""type"":""MultiPoint"",""coordinates"":[]}"
523_0,0,523,133,44,4,77,17,"{""type"":""MultiPoint"",""coordinates"":[]}"
524_0,2,524,158,23,2,80,40,"{""type"":""MultiPoint"",""coordinates"":[]}"
525_0,5,525,167,24,2,71,38,"{""type"":""MultiPoint"",""coordinates"":[]}"
526_0,5,526,161,22,2,76,42,"{""type"":""MultiPoint"",""coordinates"":[]}"
527_0,0,527,151,32,4,75,34,"{""type"":""MultiPoint"",""coordinates"":[]}"
528_0,5,528,160,23,2,74,43,"{""type"":""MultiPoint"",""coordinates"":[]}"
529_0,5,529,158,20,2,78,44,"{""type"":""MultiPoint"",""coordinates"":[]}"
530_0,2,530,151,18,1,80,52,"{""type"":""MultiPoint"",""coordinates"":[]}"
531_0,2,531,154,22,2,80,43,"{""type"":""MultiPoint"",""coordinates"":[]}"
532_0,0,532,151,26,2,76,37,"{""type"":""MultiPoint"",""coordinates"":[]}"
533_0,2,533,154,22,2,80,41,"{""type"":""MultiPoint"",""coordinates"":[]}"
534_0,5,534,159,28,2,78,38,"{""type"":""MultiPoint"",""coordinates"":[]}"
535_0,5,535,153,31,2,74,29,"{""type"":""MultiPoint"",""coordinates"":[]}"
536_0,2,536,162,21,2,76,45,"{""type"":""MultiPoint"",""coordinates"":[]}"
537_0,5,537,166,21,2,70,43,"{""type"":""MultiPoint"",""coordinates"":[]}"
538_0,5,538,167,22,2,70,40,"{""type"":""MultiPoint"",""coordinates"":[]}"
539_0,2,539,158,19,2,80,45,"{""type"":""MultiPoint"",""coordinates"":[]}"
540_0,5,540,160,25,2,75,39,"{""type"":""MultiPoint"",""coordinates"":[]}"
541_0,2,541,161,22,2,74,40,"{""type"":""MultiPoint"",""coordinates"":[]}"
542_0,0,542,151,32,3,73,27,"{""type"":""MultiPoint"",""coordinates"":[]}"
543_0,5,543,156,18,2,73,46,"{""type"":""MultiPoint"",""coordinates"":[]}"
544_0,2,544,157,21,2,77,44,"{""type"":""MultiPoint"",""coordinates"":[]}"
545_0,5,545,150,29,3,69,33,"{""type"":""MultiPoint"",""coordinates"":[]}"
546_0,5,546,146,31,2,74,30,"{""type"":""MultiPoint"",""coordinates"":[]}"
547_0,5,547,156,20,2,76,41,"{""type"":""MultiPoint"",""coordinates"":[]}"
548_0,2,548,156,23,2,78,41,"{""type"":""MultiPoint"",""coordinates"":[]}"
549_0,1,549,153,18,2,74,48,"{""type"":""MultiPoint"",""coordinates"":[]}"
550_0,2,550,156,20,2,79,45,"{""type"":""MultiPoint"",""coordinates"":[]}"
551_0,5,551,156,20,2,76,46,"{""type"":""MultiPoint"",""coordinates"":[]}"
552_0,0,552,149,39,5,68,28,"{""type"":""MultiPoint"",""coordinates"":[]}"
553_0,0,553,153,27,3,73,33,"{""type"":""MultiPoint"",""coordinates"":[]}"
554_0,5,554,151,29,5,73,31,"{""type"":""MultiPoint"",""coordinates"":[]}"
555_0,2,555,158,22,2,76,46,"{""type"":""MultiPoint"",""coordinates"":[]}"
556_0,0,556,148,41,4,75,26,"{""type"":""MultiPoint"",""coordinates"":[]}"
557_0,0,557,143,36,5,76,25,"{""type"":""MultiPoint"",""coordinates"":[]}"
558_0,0,558,0,0,0,0,0,"{""type"":""MultiPoint"",""coordinates"":[]}"
559_0,3,559,157,18,2,76,46,"{""type"":""MultiPoint"",""coordinates"":[]}"
560_0,0,560,153,32,2,75,28,"{""type"":""MultiPoint"",""coordinates"":[]}"
561_0,2,561,156,24,2,75,39,"{""type"":""MultiPoint"",""coordinates"":[]}"
562_0,3,562,158,22,2,79,42,"{""type"":""MultiPoint"",""coordinates"":[]}"
563_0,2,563,155,22,2,76,42,"{""type"":""MultiPoint"",""coordinates"":[]}"
564_0,2,564,157,22,2,77,43,"{""type"":""MultiPoint"",""coordinates"":[]}"
565_0,5,565,152,26,2,77,32,"{""type"":""MultiPoint"",""coordinates"":[]}"
566_0,0,566,145,42,5,74,21,"{""type"":""MultiPoint"",""coordinates"":[]}"
567_0,2,567,172,20,2,69,41,"{""type"":""MultiPoint"",""coordinates"":[]}"
568_0,0,568,142,36,5,73,24,"{""type"":""MultiPoint"",""coordinates"":[]}"
569_0,2,569,152,18,2,78,47,"{""type"":""MultiPoint"",""coordinates"":[]}"
570_0,5,570,153,26,2,78,38,"{""type"":""MultiPoint"",""coordinates"":[]}"
571_0,2,571,160,19,3,76,42,"{""type"":""MultiPoint"",""coordinates"":[]}"
572_0,5,572,156,19,2,77,46,"{""type"":""MultiPoint"",""coordinates"":[]}"
573_0,5,573,156,23,2,75,40,"{""type"":""MultiPoint"",""coordinates"":[]}"
574_0,0,574,147,40,5,76,22,"{""type"":""MultiPoint"",""coordinates"":[]}"
575_0,5,575,148,26,4,72,39,"{""type"":""MultiPoint"",""coordinates"":[]}"
576_0,5,576,135,37,5,68,25,"{""type"":""MultiPoint"",""coordinates"":[]}"
577_0,2,577,157,26,2,80,39,"{""type"":""MultiPoint"",""coordinates"":[]}"
578_0,5,578,143,19,2,77,51,"{""type"":""MultiPoint"",""coordinates"":[]}"
579_0,0,579,150,39,3,76,21,"{""type"":""MultiPoint"",""coordinates"":[]}"
580_0,2,580,160,20,2,74,43,"{""type"":""MultiPoint"",""coordinates"":[]}"
581_0,2,581,158,18,2,80,45,"{""type"":""MultiPoint"",""coordinates"":[]}"
582_0,5,582,152,35,2,73,25,"{""type"":""MultiPoint"",""coordinates"":[]}"
583_0,5,583,155,20,2,76,47,"{""type"":""MultiPoint"",""coordinates"":[]}"
584_0,5,584,151,17,2,77,42,"{""type"":""MultiPoint"",""coordinates"":[]}"
585_0,5,585,159,22,2,75,42,"{""type"":""MultiPoint"",""coordinates"":[]}"
586_0,1,586,153,19,2,74,48,"{""type"":""MultiPoint"",""coordinates"":[]}"
587_0,0,587,146,36,3,76,25,"{""type"":""MultiPoint"",""coordinates"":[]}"
588_0,5,588,159,27,2,75,35,"{""type"":""MultiPoint"",""coordinates"":[]}"
589_0,2,589,162,25,2,72,38,"{""type"":""MultiPoint"",""coordinates"":[]}"
590_0,2,590,148,36,3,72,27,"{""type"":""MultiPoint"",""coordinates"":[]}"
591_0,5,591,159,18,2,76,44,"{""type"":""MultiPoint"",""coordinates"":[]}"
592_0,5,592,146,38,2,77,25,"{""type"":""MultiPoint"",""coordinates"":[]}"
593_0,5,593,155,19,3,77,43,"{""type"":""MultiPoint"",""coordinates"":[]}"
594_0,5,594,160,26,2,74,40,"{""type"":""MultiPoint"",""coordinates"":[]}"
595_0,2,595,160,22,2,75,42,"{""type"":""MultiPoint"",""coordinates"":[]}"
596_0,3,596,156,17,2,77,50,"{""type"":""MultiPoint"",""coordinates"":[]}"
597_0,0,597,145,35,5,75,23,"{""type"":""MultiPoint"",""coordinates"":[]}"
598_0,0,598,144,42,4,70,27,"{""type"":""MultiPoint"",""coordinates"":[]}"
599_0,5,599,148,36,3,73,27,"{""type"":""MultiPoint"",""coordinates"":[]}"
600_0,2,600,158,24,2,74,42,"{""type"":""MultiPoint"",""coordinates"":[]}"
601_0,0,601,145,42,5,73,23,"{""type"":""MultiPoint"",""coordinates"":[]}"
602_0,2,602,156,21,2,77,45,"{""type"":""MultiPoint"",""coordinates"":[]}"
603_0,2,603,158,26,2,75,37,"{""type"":""MultiPoint"",""coordinates"":[]}"
604_0,0,604,146,36,4,76,24,"{""type"":""MultiPoint"",""coordinates"":[]}"
605_0,2,605,157,20,2,80,45,"{""type"":""MultiPoint"",""coordinates"":[]}"
606_0,0,606,141,38,5,75,22,"{""type"":""MultiPoint"",""coordinates"":[]}"
607_0,2,607,155,19,2,78,48,"{""type"":""MultiPoint"",""coordinates"":[]}"
608_0,5,608,160,24,2,75,38,"{""type"":""MultiPoint"",""coordinates"":[]}"
609_0,1,609,158,21,3,76,42,"{""type"":""MultiPoint"",""coordinates"":[]}"
610_0,0,610,145,41,5,76,25,"{""type"":""MultiPoint"",""coordinates"":[]}"
611_0,1,611,153,19,2,75,45,"{""type"":""MultiPoint"",""coordinates"":[]}"
612_0,5,612,157,20,2,77,44,"{""type"":""MultiPoint"",""coordinates"":[]}"
613_0,3,613,156,24,2,77,39,"{""type"":""MultiPoint"",""coordinates"":[]}"
614_0,5,614,156,21,4,76,39,"{""type"":""MultiPoint"",""coordinates"":[]}"
615_0,5,615,158,19,2,70,44,"{""type"":""MultiPoint"",""coordinates"":[]}"
616_0,5,616,156,42,3,76,16,"{""type"":""MultiPoint"",""coordinates"":[]}"
617_0,0,617,144,43,5,74,23,"{""type"":""MultiPoint"",""coordinates"":[]}"
618_0,2,618,155,25,2,76,40,"{""type"":""MultiPoint"",""coordinates"":[]}"
619_0,5,619,157,21,3,72,39,"{""type"":""MultiPoint"",""coordinates"":[]}"
620_0,5,620,141,37,4,74,25,"{""type"":""MultiPoint"",""coordinates"":[]}"
621_0,5,621,154,16,2,74,48,"{""type"":""MultiPoint"",""coordinates"":[]}"
622_0,5,622,167,23,2,69,42,"{""type"":""MultiPoint"",""coordinates"":[]}"
623_0,5,623,144,29,5,72,35,"{""type"":""MultiPoint"",""coordinates"":[]}"
624_0,2,624,158,20,2,78,46,"{""type"":""MultiPoint"",""coordinates"":[]}"
625_0,2,625,158,24,2,66,40,"{""type"":""MultiPoint"",""coordinates"":[]}"
626_0,2,626,160,24,2,75,38,"{""type"":""MultiPoint"",""coordinates"":[]}"
627_0,2,627,153,21,2,81,48,"{""type"":""MultiPoint"",""coordinates"":[]}"
628_0,5,628,156,30,2,76,33,"{""type"":""MultiPoint"",""coordinates"":[]}"
629_0,2,629,160,23,2,73,42,"{""type"":""MultiPoint"",""coordinates"":[]}"
630_0,2,630,153,18,2,80,51,"{""type"":""MultiPoint"",""coordinates"":[]}"
631_0,0,631,157,38,4,73,24,"{""type"":""MultiPoint"",""coordinates"":[]}"
632_0,2,632,157,21,2,77,44,"{""type"":""MultiPoint"",""coordinates"":[]}"
633_0,5,633,158,21,3,72,40,"{""type"":""MultiPoint"",""coordinates"":[]}"
634_0,2,634,156,25,2,76,37,"{""type"":""MultiPoint"",""coordinates"":[]}"
635_0,5,635,159,25,2,77,41,"{""type"":""MultiPoint"",""coordinates"":[]}"
636_0,4,636,154,18,2,77,49,"{""type"":""MultiPoint"",""coordinates"":[]}"
637_0,2,637,163,22,2,73,37,"{""type"":""MultiPoint"",""coordinates"":[]}"
638_0,2,638,152,23,2,76,38,"{""type"":""MultiPoint"",""coordinates"":[]}"
639_0,1,639,148,37,3,72,25,"{""type"":""MultiPoint"",""coordinates"":[]}"
640_0,5,640,156,25,2,75,36,"{""type"":""MultiPoint"",""coordinates"":[]}"
641_0,0,641,154,42,4,73,25,"{""type"":""MultiPoint"",""coordinates"":[]}"
642_0,2,642,151,22,2,74,38,"{""type"":""MultiPoint"",""coordinates"":[]}"
643_0,5,643,156,28,2,75,33,"{""type"":""MultiPoint"",""coordinates"":[]}"
644_0,2,644,157,17,2,76,44,"{""type"":""MultiPoint"",""coordinates"":[]}"
645_0,5,645,156,29,2,77,31,"{""type"":""MultiPoint"",""coordinates"":[]}"
646_0,0,646,0,0,0,0,0,"{""type"":""MultiPoint"",""coordinates"":[]}"
647_0,5,647,167,31,2,75,27,"{""type"":""MultiPoint"",""coordinates"":[]}"
648_0,3,648,157,27,2,74,35,"{""type"":""MultiPoint"",""coordinates"":[]}"
649_0,5,649,156,18,2,77,48,"{""type"":""MultiPoint"",""coordinates"":[]}"
650_0,0,650,145,37,5,74,25,"{""type"":""MultiPoint"",""coordinates"":[]}"
651_0,2,651,158,21,2,79,42,"{""type"":""MultiPoint"",""coordinates"":[]}"
652_0,5,652,155,19,2,77,45,"{""type"":""MultiPoint"",""coordinates"":[]}"
653_0,5,653,154,21,2,77,42,"{""type"":""MultiPoint"",""coordinates"":[]}"
654_0,5,654,158,27,2,75,36,"{""type"":""MultiPoint"",""coordinates"":[]}"
655_0,5,655,157,21,2,79,44,"{""type"":""MultiPoint"",""coordinates"":[]}"
656_0,0,656,145,38,5,74,31,"{""type"":""MultiPoint"",""coordinates"":[]}"
657_0,2,657,156,20,2,79,45,"{""type"":""MultiPoint"",""coordinates"":[]}"
658_0,3,658,157,21,2,77,41,"{""type"":""MultiPoint"",""coordinates"":[]}"
659_0,0,659,148,36,3,75,23,"{""type"":""MultiPoint"",""coordinates"":[]}"
660_0,5,660,157,19,2,74,43,"{""type"":""MultiPoint"",""coordinates"":[]}"
661_0,2,661,163,20,2,75,40,"{""type"":""MultiPoint"",""coordinates"":[]}"
662_0,2,662,158,21,2,78,47,"{""type"":""MultiPoint"",""coordinates"":[]}"
663_0,1,663,151,28,2,76,32,"{""type"":""MultiPoint"",""coordinates"":[]}"
664_0,2,664,167,23,2,71,40,"{""type"":""MultiPoint"",""coordinates"":[]}"
665_0,3,665,152,20,2,78,42,"{""type"":""MultiPoint"",""coordinates"":[]}"
666_0,2,666,158,22,2,77,41,"{""type"":""MultiPoint"",""coordinates"":[]}"
667_0,5,667,155,27,1,77,37,"{""type"":""MultiPoint"",""coordinates"":[]}"
668_0,2,668,157,21,2,79,43,"{""type"":""MultiPoint"",""coordinates"":[]}"
669_0,2,669,157,18,2,79,51,"{""type"":""MultiPoint"",""coordinates"":[]}"
670_0,5,670,162,22,2,74,41,"{""type"":""MultiPoint"",""coordinates"":[]}"
671_0,2,671,156,23,2,79,42,"{""type"":""MultiPoint"",""coordinates"":[]}"
672_0,5,672,149,41,5,75,21,"{""type"":""MultiPoint"",""coordinates"":[]}"
673_0,5,673,155,22,2,72,39,"{""type"":""MultiPoint"",""coordinates"":[]}"
674_0,2,674,158,19,2,80,46,"{""type"":""MultiPoint"",""coordinates"":[]}"
675_0,5,675,158,31,2,71,29,"{""type"":""MultiPoint"",""coordinates"":[]}"
676_0,2,676,153,18,1,81,50,"{""type"":""MultiPoint"",""coordinates"":[]}"
677_0,5,677,153,20,2,74,44,"{""type"":""MultiPoint"",""coordinates"":[]}"
678_0,2,678,166,20,2,74,41,"{""type"":""MultiPoint"",""coordinates"":[]}"
679_0,0,679,153,39,4,72,26,"{""type"":""MultiPoint"",""coordinates"":[]}"
680_0,2,680,157,17,2,77,45,"{""type"":""MultiPoint"",""coordinates"":[]}"
681_0,0,681,126,40,4,73,25,"{""type"":""MultiPoint"",""coordinates"":[]}"
682_0,5,682,167,19,2,73,44,"{""type"":""MultiPoint"",""coordinates"":[]}"
683_0,5,683,161,27,2,76,33,"{""type"":""MultiPoint"",""coordinates"":[]}"
684_0,5,684,168,21,2,74,41,"{""type"":""MultiPoint"",""coordinates"":[]}"
685_0,0,685,148,41,3,76,20,"{""type"":""MultiPoint"",""coordinates"":[]}"
686_0,1,686,154,27,3,72,34,"{""type"":""MultiPoint"",""coordinates"":[]}"
687_0,0,687,146,33,3,76,27,"{""type"":""MultiPoint"",""coordinates"":[]}"
688_0,5,688,135,19,2,80,50,"{""type"":""MultiPoint"",""coordinates"":[]}"
689_0,2,689,153,21,2,74,42,"{""type"":""MultiPoint"",""coordinates"":[]}"
690_0,0,690,150,35,2,76,26,"{""type"":""MultiPoint"",""coordinates"":[]}"
691_0,2,691,154,26,3,76,37,"{""type"":""MultiPoint"",""coordinates"":[]}"
692_0,0,692,148,32,2,77,27,"{""type"":""MultiPoint"",""coordinates"":[]}"
693_0,0,693,146,39,5,76,24,"{""type"":""MultiPoint"",""coordinates"":[]}"
694_0,2,694,155,20,2,80,48,"{""type"":""MultiPoint"",""coordinates"":[]}"
695_0,2,695,154,20,2,76,42,"{""type"":""MultiPoint"",""coordinates"":[]}"
696_0,5,696,165,23,2,71,39,"{""type"":""MultiPoint"",""coordinates"":[]}"
697_0,2,697,157,22,2,81,45,"{""type"":""MultiPoint"",""coordinates"":[]}"
698_0,5,698,163,28,2,74,36,"{""type"":""MultiPoint"",""coordinates"":[]}"
699_0,5,699,153,27,4,75,38,"{""type"":""MultiPoint"",""coordinates"":[]}"
700_0,2,700,156,18,2,77,42,"{""type"":""MultiPoint"",""coordinates"":[]}"
701_0,5,701,154,29,3,72,30,"{""type"":""MultiPoint"",""coordinates"":[]}"
702_0,1,702,155,20,2,74,41,"{""type"":""MultiPoint"",""coordinates"":[]}"
703_0,5,703,155,15,2,75,48,"{""type"":""MultiPoint"",""coordinates"":[]}"
704_0,5,704,155,25,2,74,37,"{""type"":""MultiPoint"",""coordinates"":[]}"
705_0,2,705,155,22,2,76,41,"{""type"":""MultiPoint"",""coordinates"":[]}"
706_0,0,706,140,38,5,77,23,"{""type"":""MultiPoint"",""coordinates"":[]}"
707_0,5,707,157,20,2,76,44,"{""type"":""MultiPoint"",""coordinates"":[]}"
708_0,5,708,158,19,2,73,46,"{""type"":""MultiPoint"",""coordinates"":[]}"
709_0,5,709,153,15,2,76,43,"{""type"":""MultiPoint"",""coordinates"":[]}"
710_0,2,710,156,19,2,81,46,"{""type"":""MultiPoint"",""coordinates"":[]}"
711_0,5,711,159,19,2,79,41,"{""type"":""MultiPoint"",""coordinates"":[]}"
712_0,0,712,131,45,5,74,19,"{""type"":""MultiPoint"",""coordinates"":[]}"
713_0,5,713,157,18,1,78,52,"{""type"":""MultiPoint"",""coordinates"":[]}"
714_0,1,714,156,20,2,76,47,"{""type"":""MultiPoint"",""coordinates"":[]}"
715_0,5,715,151,29,3,71,34,"{""type"":""MultiPoint"",""coordinates"":[]}"
716_0,0,716,153,41,3,73,20,"{""type"":""MultiPoint"",""coordinates"":[]}"
717_0,1,717,157,21,2,75,46,"{""type"":""MultiPoint"",""coordinates"":[]}"
718_0,4,718,157,19,2,76,47,"{""type"":""MultiPoint"",""coordinates"":[]}"
719_0,5,719,136,34,5,71,31,"{""type"":""MultiPoint"",""coordinates"":[]}"
720_0,2,720,154,26,2,75,34,"{""type"":""MultiPoint"",""coordinates"":[]}"
721_0,5,721,157,18,2,77,45,"{""type"":""MultiPoint"",""coordinates"":[]}"
722_0,5,722,156,21,2,78,42,"{""type"":""MultiPoint"",""coordinates"":[]}"
723_0,2,723,156,21,2,79,40,"{""type"":""MultiPoint"",""coordinates"":[]}"
724_0,5,724,157,22,2,75,43,"{""type"":""MultiPoint"",""coordinates"":[]}"
725_0,5,725,158,21,2,77,44,"{""type"":""MultiPoint"",""coordinates"":[]}"
726_0,5,726,157,19,2,75,43,"{""type"":""MultiPoint"",""coordinates"":[]}"
727_0,5,727,158,25,2,73,37,"{""type"":""MultiPoint"",""coordinates"":[]}"
728_0,5,728,136,20,2,76,45,"{""type"":""MultiPoint"",""coordinates"":[]}"
729_0,5,729,163,20,3,78,47,"{""type"":""MultiPoint"",""coordinates"":[]}"
730_0,2,730,158,21,2,76,40,"{""type"":""MultiPoint"",""coordinates"":[]}"
731_0,2,731,157,22,2,78,41,"{""type"":""MultiPoint"",""coordinates"":[]}"
732_0,2,732,154,21,4,77,39,"{""type"":""MultiPoint"",""coordinates"":[]}"
733_0,5,733,155,16,2,78,51,"{""type"":""MultiPoint"",""coordinates"":[]}"
734_0,5,734,148,23,5,73,44,"{""type"":""MultiPoint"",""coordinates"":[]}"
735_0,5,735,161,20,2,75,44,"{""type"":""MultiPoint"",""coordinates"":[]}"
736_0,1,736,159,19,2,71,47,"{""type"":""MultiPoint"",""coordinates"":[]}"
737_0,2,737,154,24,2,74,40,"{""type"":""MultiPoint"",""coordinates"":[]}"
738_0,2,738,156,16,2,78,49,"{""type"":""MultiPoint"",""coordinates"":[]}"
739_0,5,739,152,18,2,76,50,"{""type"":""MultiPoint"",""coordinates"":[]}"
740_0,2,740,156,20,2,79,46,"{""type"":""MultiPoint"",""coordinates"":[]}"
741_0,0,741,143,40,5,76,22,"{""type"":""MultiPoint"",""coordinates"":[]}"
742_0,2,742,151,24,3,75,40,"{""type"":""MultiPoint"",""coordinates"":[]}"
743_0,5,743,155,22,2,78,44,"{""type"":""MultiPoint"",""coordinates"":[]}"
744_0,2,744,154,22,2,81,47,"{""type"":""MultiPoint"",""coordinates"":[]}"
745_0,2,745,149,31,2,73,30,"{""type"":""MultiPoint"",""coordinates"":[]}"
746_0,0,746,147,39,3,73,23,"{""type"":""MultiPoint"",""coordinates"":[]}"
747_0,3,747,158,18,2,78,48,"{""type"":""MultiPoint"",""coordinates"":[]}"
748_0,3,748,159,22,2,76,40,"{""type"":""MultiPoint"",""coordinates"":[]}"
749_0,5,749,155,22,2,74,46,"{""type"":""MultiPoint"",""coordinates"":[]}"
750_0,2,750,157,31,2,75,30,"{""type"":""MultiPoint"",""coordinates"":[]}"
751_0,2,751,163,22,2,73,42,"{""type"":""MultiPoint"",""coordinates"":[]}"
752_0,5,752,151,21,2,76,43,"{""type"":""MultiPoint"",""coordinates"":[]}"
753_0,2,753,157,17,2,80,51,"{""type"":""MultiPoint"",""coordinates"":[]}"
754_0,2,754,158,20,2,80,43,"{""type"":""MultiPoint"",""coordinates"":[]}"
755_0,5,755,155,19,2,75,47,"{""type"":""MultiPoint"",""coordinates"":[]}"
756_0,5,756,156,23,2,74,38,"{""type"":""MultiPoint"",""coordinates"":[]}"
757_0,3,757,157,22,2,77,44,"{""type"":""MultiPoint"",""coordinates"":[]}"
758_0,5,758,159,23,2,74,42,"{""type"":""MultiPoint"",""coordinates"":[]}"
759_0,0,759,159,33,4,74,28,"{""type"":""MultiPoint"",""coordinates"":[]}"
760_0,1,760,153,25,3,69,36,"{""type"":""MultiPoint"",""coordinates"":[]}"
761_0,5,761,145,33,3,72,29,"{""type"":""MultiPoint"",""coordinates"":[]}"
762_0,5,762,143,33,3,73,31,"{""type"":""MultiPoint"",""coordinates"":[]}"
763_0,2,763,152,23,3,73,42,"{""type"":""MultiPoint"",""coordinates"":[]}"
764_0,5,764,158,25,2,76,35,"{""type"":""MultiPoint"",""coordinates"":[]}"
765_0,5,765,160,23,2,75,39,"{""type"":""MultiPoint"",""coordinates"":[]}"
766_0,3,766,155,23,2,76,40,"{""type"":""MultiPoint"",""coordinates"":[]}"
767_0,1,767,155,19,2,75,40,"{""type"":""MultiPoint"",""coordinates"":[]}"
768_0,5,768,140,29,2,76,27,"{""type"":""MultiPoint"",""coordinates"":[]}"
769_0,2,769,160,17,2,79,47,"{""type"":""MultiPoint"",""coordinates"":[]}"
770_0,2,770,154,18,2,81,50,"{""type"":""MultiPoint"",""coordinates"":[]}"
771_0,5,771,153,15,2,76,43,"{""type"":""MultiPoint"",""coordinates"":[]}"
772_0,5,772,153,24,2,77,38,"{""type"":""MultiPoint"",""coordinates"":[]}"
773_0,5,773,154,18,2,78,45,"{""type"":""MultiPoint"",""coordinates"":[]}"
774_0,5,774,163,26,2,75,38,"{""type"":""MultiPoint"",""coordinates"":[]}"
775_0,5,775,156,17,2,73,47,"{""type"":""MultiPoint"",""coordinates"":[]}"
776_0,2,776,164,20,2,73,42,"{""type"":""MultiPoint"",""coordinates"":[]}"
777_0,5,777,153,17,2,73,43,"{""type"":""MultiPoint"",""coordinates"":[]}"
778_0,5,778,157,25,2,75,37,"{""type"":""MultiPoint"",""coordinates"":[]}"
779_0,0,779,0,0,0,0,0,"{""type"":""MultiPoint"",""coordinates"":[]}"
780_0,1,780,159,21,2,80,42,"{""type"":""MultiPoint"",""coordinates"":[]}"
781_0,2,781,152,22,2,77,42,"{""type"":""MultiPoint"",""coordinates"":[]}"
782_0,5,782,159,30,2,71,31,"{""type"":""MultiPoint"",""coordinates"":[]}"
783_0,5,783,159,26,2,75,36,"{""type"":""MultiPoint"",""coordinates"":[]}"
784_0,0,784,143,41,0,74,26,"{""type"":""MultiPoint"",""coordinates"":[]}"
785_0,2,785,156,22,3,76,41,"{""type"":""MultiPoint"",""coordinates"":[]}"
786_0,5,786,149,33,5,72,29,"{""type"":""MultiPoint"",""coordinates"":[]}"
787_0,5,787,154,23,3,73,41,"{""type"":""MultiPoint"",""coordinates"":[]}"
788_0,4,788,156,17,2,78,50,"{""type"":""MultiPoint"",""coordinates"":[]}"
789_0,2,789,160,21,2,78,41,"{""type"":""MultiPoint"",""coordinates"":[]}"
790_0,5,790,174,19,2,69,44,"{""type"":""MultiPoint"",""coordinates"":[]}"
791_0,2,791,158,23,2,81,43,"{""type"":""MultiPoint"",""coordinates"":[]}"
792_0,5,792,153,35,2,74,29,"{""type"":""MultiPoint"",""coordinates"":[]}"
793_0,0,793,146,38,3,73,23,"{""type"":""MultiPoint"",""coordinates"":[]}"
794_0,2,794,157,22,2,80,47,"{""type"":""MultiPoint"",""coordinates"":[]}"
795_0,2,795,154,22,2,76,40,"{""type"":""MultiPoint"",""coordinates"":[]}"
796_0,2,796,145,35,3,73,31,"{""type"":""MultiPoint"",""coordinates"":[]}"
797_0,2,797,156,20,2,79,46,"{""type"":""MultiPoint"",""coordinates"":[]}"
798_0,2,798,157,16,2,78,47,"{""type"":""MultiPoint"",""coordinates"":[]}"
799_0,3,799,159,16,2,76,49,"{""type"":""MultiPoint"",""coordinates"":[]}"
800_0,5,800,151,22,2,71,40,"{""type"":""MultiPoint"",""coordinates"":[]}"
801_0,0,801,134,39,8,75,22,"{""type"":""MultiPoint"",""coordinates"":[]}"
802_0,5,802,158,16,2,76,46,"{""type"":""MultiPoint"",""coordinates"":[]}"
803_0,0,803,155,29,2,74,31,"{""type"":""MultiPoint"",""coordinates"":[]}"
804_0,1,804,154,20,2,76,45,"{""type"":""MultiPoint"",""coordinates"":[]}"
805_0,2,805,152,17,2,76,45,"{""type"":""MultiPoint"",""coordinates"":[]}"
806_0,0,806,140,39,4,74,28,"{""type"":""MultiPoint"",""coordinates"":[]}"
807_0,5,807,157,19,2,78,46,"{""type"":""MultiPoint"",""coordinates"":[]}"
808_0,0,808,137,37,5,77,25,"{""type"":""MultiPoint"",""coordinates"":[]}"
809_0,2,809,155,25,2,78,37,"{""type"":""MultiPoint"",""coordinates"":[]}"
810_0,3,810,151,20,2,76,50,"{""type"":""MultiPoint"",""coordinates"":[]}"
811_0,1,811,160,23,2,74,41,"{""type"":""MultiPoint"",""coordinates"":[]}"
812_0,2,812,156,20,2,75,44,"{""type"":""MultiPoint"",""coordinates"":[]}"
813_0,0,813,151,42,4,73,24,"{""type"":""MultiPoint"",""coordinates"":[]}"
814_0,5,814,160,30,2,75,32,"{""type"":""MultiPoint"",""coordinates"":[]}"
815_0,2,815,155,32,3,72,28,"{""type"":""MultiPoint"",""coordinates"":[]}"
816_0,5,816,152,28,2,77,33,"{""type"":""MultiPoint"",""coordinates"":[]}"
817_0,5,817,153,22,4,71,42,"{""type"":""MultiPoint"",""coordinates"":[]}"
818_0,5,818,155,18,2,78,47,"{""type"":""MultiPoint"",""coordinates"":[]}"
819_0,2,819,157,19,2,76,48,"{""type"":""MultiPoint"",""coordinates"":[]}"
820_0,3,820,164,23,2,74,38,"{""type"":""MultiPoint"",""coordinates"":[]}"
821_0,1,821,157,18,2,76,47,"{""type"":""MultiPoint"",""coordinates"":[]}"
822_0,5,822,155,20,2,77,42,"{""type"":""MultiPoint"",""coordinates"":[]}"
823_0,3,823,158,22,2,79,42,"{""type"":""MultiPoint"",""coordinates"":[]}"
824_0,5,824,157,23,2,76,42,"{""type"":""MultiPoint"",""coordinates"":[]}"
825_0,5,825,153,17,2,79,48,"{""type"":""MultiPoint"",""coordinates"":[]}"
826_0,3,826,156,25,2,74,39,"{""type"":""MultiPoint"",""coordinates"":[]}"
827_0,5,827,150,33,2,74,30,"{""type"":""MultiPoint"",""coordinates"":[]}"
828_0,5,828,158,20,2,77,42,"{""type"":""MultiPoint"",""coordinates"":[]}"
829_0,2,829,156,18,2,77,45,"{""type"":""MultiPoint"",""coordinates"":[]}"
830_0,5,830,159,28,2,77,35,"{""type"":""MultiPoint"",""coordinates"":[]}"
831_0,0,831,154,37,2,75,21,"{""type"":""MultiPoint"",""coordinates"":[]}"
832_0,2,832,156,27,2,79,36,"{""type"":""MultiPoint"",""coordinates"":[]}"
833_0,0,833,142,35,5,74,25,"{""type"":""MultiPoint"",""coordinates"":[]}"
834_0,2,834,156,18,2,79,49,"{""type"":""MultiPoint"",""coordinates"":[]}"
835_0,5,835,169,17,2,67,46,"{""type"":""MultiPoint"",""coordinates"":[]}"
836_0,5,836,155,21,2,75,43,"{""type"":""MultiPoint"",""coordinates"":[]}"
837_0,5,837,154,23,2,76,41,"{""type"":""MultiPoint"",""coordinates"":[]}"
838_0,5,838,162,22,2,75,41,"{""type"":""MultiPoint"",""coordinates"":[]}"
839_0,2,839,154,20,2,80,45,"{""type"":""MultiPoint"",""coordinates"":[]}"
840_0,5,840,158,19,2,76,45,"{""type"":""MultiPoint"",""coordinates"":[]}"
841_0,5,841,153,18,2,69,46,"{""type"":""MultiPoint"",""coordinates"":[]}"
842_0,5,842,146,19,2,76,50,"{""type"":""MultiPoint"",""coordinates"":[]}"
843_0,2,843,161,21,2,77,43,"{""type"":""MultiPoint"",""coordinates"":[]}"
844_0,5,844,159,21,2,78,43,"{""type"":""MultiPoint"",""coordinates"":[]}"
845_0,2,845,157,17,2,76,42,"{""type"":""MultiPoint"",""coordinates"":[]}"
846_0,5,846,146,39,2,74,20,"{""type"":""MultiPoint"",""coordinates"":[]}"
847_0,2,847,156,25,2,77,38,"{""type"":""MultiPoint"",""coordinates"":[]}"
848_0,2,848,153,30,3,74,32,"{""type"":""MultiPoint"",""coordinates"":[]}"
849_0,3,849,156,23,2,77,47,"{""type"":""MultiPoint"",""coordinates"":[]}"
850_0,5,850,156,31,2,73,29,"{""type"":""MultiPoint"",""coordinates"":[]}"
851_0,0,851,143,28,22,75,37,"{""type"":""MultiPoint"",""coordinates"":[]}"
852_0,2,852,162,23,2,69,44,"{""type"":""MultiPoint"",""coordinates"":[]}"
853_0,2,853,156,19,2,74,41,"{""type"":""MultiPoint"",""coordinates"":[]}"
854_0,5,854,152,20,2,78,47,"{""type"":""MultiPoint"",""coordinates"":[]}"
855_0,3,855,160,19,2,78,46,"{""type"":""MultiPoint"",""coordinates"":[]}"
856_0,2,856,155,19,2,77,39,"{""type"":""MultiPoint"",""coordinates"":[]}"
857_0,2,857,158,21,2,79,43,"{""type"":""MultiPoint"",""coordinates"":[]}"
858_0,5,858,146,41,4,71,23,"{""type"":""MultiPoint"",""coordinates"":[]}"
859_0,5,859,147,31,2,75,28,"{""type"":""MultiPoint"",""coordinates"":[]}"
860_0,2,860,154,19,2,81,46,"{""type"":""MultiPoint"",""coordinates"":[]}"
861_0,0,861,138,36,5,76,25,"{""type"":""MultiPoint"",""coordinates"":[]}"
862_0,5,862,158,20,2,77,42,"{""type"":""MultiPoint"",""coordinates"":[]}"
863_0,0,863,146,39,5,74,23,"{""type"":""MultiPoint"",""coordinates"":[]}"
864_0,0,864,152,24,2,71,39,"{""type"":""MultiPoint"",""coordinates"":[]}"
865_0,5,865,156,29,2,76,31,"{""type"":""MultiPoint"",""coordinates"":[]}"
866_0,3,866,155,22,2,77,36,"{""type"":""MultiPoint"",""coordinates"":[]}"
867_0,5,867,151,23,3,74,40,"{""type"":""MultiPoint"",""coordinates"":[]}"
868_0,2,868,159,25,2,77,36,"{""type"":""MultiPoint"",""coordinates"":[]}"
869_0,5,869,159,30,2,75,32,"{""type"":""MultiPoint"",""coordinates"":[]}"
870_0,5,870,153,17,2,75,48,"{""type"":""MultiPoint"",""coordinates"":[]}"
871_0,2,871,162,22,2,73,40,"{""type"":""MultiPoint"",""coordinates"":[]}"
872_0,0,872,154,27,2,74,32,"{""type"":""MultiPoint"",""coordinates"":[]}"
873_0,2,873,157,19,2,80,47,"{""type"":""MultiPoint"",""coordinates"":[]}"
874_0,2,874,153,20,2,76,47,"{""type"":""MultiPoint"",""coordinates"":[]}"
875_0,5,875,153,18,2,77,46,"{""type"":""MultiPoint"",""coordinates"":[]}"
876_0,0,876,140,35,4,74,26,"{""type"":""MultiPoint"",""coordinates"":[]}"
877_0,0,877,148,32,2,74,27,"{""type"":""MultiPoint"",""coordinates"":[]}"
878_0,5,878,161,20,2,76,43,"{""type"":""MultiPoint"",""coordinates"":[]}"
879_0,2,879,154,18,2,80,49,"{""type"":""MultiPoint"",""coordinates"":[]}"
880_0,2,880,156,22,2,79,42,"{""type"":""MultiPoint"",""coordinates"":[]}"
881_0,2,881,151,19,2,79,47,"{""type"":""MultiPoint"",""coordinates"":[]}"
882_0,5,882,162,27,2,75,39,"{""type"":""MultiPoint"",""coordinates"":[]}"
883_0,2,883,154,19,2,75,45,"{""type"":""MultiPoint"",""coordinates"":[]}"
884_0,2,884,154,20,2,79,41,"{""type"":""MultiPoint"",""coordinates"":[]}"
885_0,2,885,148,29,4,72,35,"{""type"":""MultiPoint"",""coordinates"":[]}"
886_0,5,886,157,23,2,76,40,"{""type"":""MultiPoint"",""coordinates"":[]}"
887_0,5,887,157,22,3,73,43,"{""type"":""MultiPoint"",""coordinates"":[]}"
888_0,2,888,153,17,2,81,50,"{""type"":""MultiPoint"",""coordinates"":[]}"
889_0,2,889,169,19,2,70,40,"{""type"":""MultiPoint"",""coordinates"":[]}"
890_0,2,890,157,22,2,78,41,"{""type"":""MultiPoint"",""coordinates"":[]}"
891_0,0,891,153,34,3,74,25,"{""type"":""MultiPoint"",""coordinates"":[]}"
892_0,2,892,160,22,2,80,46,"{""type"":""MultiPoint"",""coordinates"":[]}"
893_0,4,893,149,22,2,74,43,"{""type"":""MultiPoint"",""coordinates"":[]}"
894_0,5,894,158,21,2,75,43,"{""type"":""MultiPoint"",""coordinates"":[]}"
895_0,5,895,158,26,2,79,36,"{""type"":""MultiPoint"",""coordinates"":[]}"
896_0,2,896,164,16,2,77,48,"{""type"":""MultiPoint"",""coordinates"":[]}"
897_0,5,897,163,28,2,74,35,"{""type"":""MultiPoint"",""coordinates"":[]}"
898_0,5,898,161,21,2,74,45,"{""type"":""MultiPoint"",""coordinates"":[]}"
899_0,0,899,135,32,4,72,28,"{""type"":""MultiPoint"",""coordinates"":[]}"
900_0,2,900,162,19,2,74,44,"{""type"":""MultiPoint"",""coordinates"":[]}"
901_0,2,901,152,24,2,76,41,"{""type"":""MultiPoint"",""coordinates"":[]}"
902_0,2,902,154,21,2,78,42,"{""type"":""MultiPoint"",""coordinates"":[]}"
903_0,2,903,156,20,1,78,45,"{""type"":""MultiPoint"",""coordinates"":[]}"
904_0,4,904,159,18,2,78,52,"{""type"":""MultiPoint"",""coordinates"":[]}"
905_0,2,905,156,18,2,79,46,"{""type"":""MultiPoint"",""coordinates"":[]}"
906_0,2,906,149,29,3,71,33,"{""type"":""MultiPoint"",""coordinates"":[]}"
907_0,5,907,154,20,2,71,41,"{""type"":""MultiPoint"",""coordinates"":[]}"
908_0,3,908,154,22,3,78,44,"{""type"":""MultiPoint"",""coordinates"":[]}"
909_0,2,909,157,17,2,80,50,"{""type"":""MultiPoint"",""coordinates"":[]}"
910_0,5,910,156,16,2,78,51,"{""type"":""MultiPoint"",""coordinates"":[]}"
911_0,2,911,151,20,2,80,45,"{""type"":""MultiPoint"",""coordinates"":[]}"
912_0,5,912,160,26,2,74,34,"{""type"":""MultiPoint"",""coordinates"":[]}"
913_0,2,913,151,24,2,75,34,"{""type"":""MultiPoint"",""coordinates"":[]}"
914_0,5,914,146,31,2,74,27,"{""type"":""MultiPoint"",""coordinates"":[]}"
915_0,3,915,162,29,2,72,33,"{""type"":""MultiPoint"",""coordinates"":[]}"
916_0,5,916,161,30,2,75,28,"{""type"":""MultiPoint"",""coordinates"":[]}"
917_0,5,917,152,20,2,75,39,"{""type"":""MultiPoint"",""coordinates"":[]}"
918_0,5,918,158,24,4,70,32,"{""type"":""MultiPoint"",""coordinates"":[]}"
919_0,5,919,163,23,3,75,40,"{""type"":""MultiPoint"",""coordinates"":[]}"
920_0,3,920,156,27,2,76,37,"{""type"":""MultiPoint"",""coordinates"":[]}"
921_0,0,921,152,37,3,71,23,"{""type"":""MultiPoint"",""coordinates"":[]}"
922_0,2,922,151,24,2,75,37,"{""type"":""MultiPoint"",""coordinates"":[]}"
923_0,2,923,158,19,2,77,44,"{""type"":""MultiPoint"",""coordinates"":[]}"
924_0,4,924,157,19,2,78,49,"{""type"":""MultiPoint"",""coordinates"":[]}"
925_0,2,925,156,26,2,78,37,"{""type"":""MultiPoint"",""coordinates"":[]}"
926_0,3,926,158,19,2,79,49,"{""type"":""MultiPoint"",""coordinates"":[]}"
927_0,3,927,155,24,2,75,38,"{""type"":""MultiPoint"",""coordinates"":[]}"
928_0,5,928,158,28,2,77,37,"{""type"":""MultiPoint"",""coordinates"":[]}"
929_0,2,929,154,24,2,75,38,"{""type"":""MultiPoint"",""coordinates"":[]}"
930_0,5,930,157,25,2,77,37,"{""type"":""MultiPoint"",""coordinates"":[]}"
931_0,2,931,151,20,2,71,42,"{""type"":""MultiPoint"",""coordinates"":[]}"
932_0,2,932,155,19,2,79,44,"{""type"":""MultiPoint"",""coordinates"":[]}"
933_0,5,933,165,22,2,75,39,"{""type"":""MultiPoint"",""coordinates"":[]}"
934_0,0,934,139,32,5,75,31,"{""type"":""MultiPoint"",""coordinates"":[]}"
935_0,1,935,156,28,2,75,38,"{""type"":""MultiPoint"",""coordinates"":[]}"
936_0,5,936,155,17,2,78,48,"{""type"":""MultiPoint"",""coordinates"":[]}"
937_0,3,937,166,19,2,79,48,"{""type"":""MultiPoint"",""coordinates"":[]}"
938_0,5,938,157,20,2,79,45,"{""type"":""MultiPoint"",""coordinates"":[]}"
939_0,0,939,155,36,5,74,26,"{""type"":""MultiPoint"",""coordinates"":[]}"
940_0,1,940,165,21,2,76,44,"{""type"":""MultiPoint"",""coordinates"":[]}"
941_0,5,941,154,19,3,74,47,"{""type"":""MultiPoint"",""coordinates"":[]}"
942_0,5,942,158,21,2,79,43,"{""type"":""MultiPoint"",""coordinates"":[]}"
943_0,5,943,157,23,2,77,41,"{""type"":""MultiPoint"",""coordinates"":[]}"
944_0,5,944,156,25,2,73,42,"{""type"":""MultiPoint"",""coordinates"":[]}"
945_0,4,945,154,19,2,77,47,"{""type"":""MultiPoint"",""coordinates"":[]}"
946_0,1,946,160,29,2,77,33,"{""type"":""MultiPoint"",""coordinates"":[]}"
947_0,5,947,159,20,2,77,47,"{""type"":""MultiPoint"",""coordinates"":[]}"
948_0,0,948,143,34,2,75,24,"{""type"":""MultiPoint"",""coordinates"":[]}"
949_0,2,949,160,18,2,80,47,"{""type"":""MultiPoint"",""coordinates"":[]}"
950_0,0,950,133,41,5,73,21,"{""type"":""MultiPoint"",""coordinates"":[]}"
951_0,5,951,159,36,5,69,26,"{""type"":""MultiPoint"",""coordinates"":[]}"
952_0,2,952,144,25,2,74,33,"{""type"":""MultiPoint"",""coordinates"":[]}"
953_0,2,953,157,24,2,77,38,"{""type"":""MultiPoint"",""coordinates"":[]}"
954_0,4,954,157,17,2,79,51,"{""type"":""MultiPoint"",""coordinates"":[]}"
955_0,2,955,157,20,2,77,43,"{""type"":""MultiPoint"",""coordinates"":[]}"
956_0,2,956,155,20,2,81,46,"{""type"":""MultiPoint"",""coordinates"":[]}"
957_0,2,957,151,21,2,76,43,"{""type"":""MultiPoint"",""coordinates"":[]}"
958_0,3,958,157,19,2,76,48,"{""type"":""MultiPoint"",""coordinates"":[]}"
959_0,5,959,148,33,2,74,30,"{""type"":""MultiPoint"",""coordinates"":[]}"
960_0,2,960,157,17,2,81,52,"{""type"":""MultiPoint"",""coordinates"":[]}"
961_0,0,961,155,27,3,74,31,"{""type"":""MultiPoint"",""coordinates"":[]}"
962_0,5,962,157,20,2,75,45,"{""type"":""MultiPoint"",""coordinates"":[]}"
963_0,5,963,160,22,2,76,42,"{""type"":""MultiPoint"",""coordinates"":[]}"
964_0,5,964,156,16,2,78,51,"{""type"":""MultiPoint"",""coordinates"":[]}"
965_0,0,965,142,35,5,74,25,"{""type"":""MultiPoint"",""coordinates"":[]}"
966_0,2,966,155,27,2,74,29,"{""type"":""MultiPoint"",""coordinates"":[]}"
967_0,5,967,141,37,6,72,28,"{""type"":""MultiPoint"",""coordinates"":[]}"
968_0,2,968,161,21,2,74,40,"{""type"":""MultiPoint"",""coordinates"":[]}"
969_0,2,969,153,28,3,73,37,"{""type"":""MultiPoint"",""coordinates"":[]}"
970_0,1,970,156,18,2,74,47,"{""type"":""MultiPoint"",""coordinates"":[]}"
971_0,5,971,135,38,6,75,30,"{""type"":""MultiPoint"",""coordinates"":[]}"
972_0,2,972,155,21,2,80,44,"{""type"":""MultiPoint"",""coordinates"":[]}"
973_0,5,973,156,22,2,78,43,"{""type"":""MultiPoint"",""coordinates"":[]}"
974_0,0,974,156,30,3,73,34,"{""type"":""MultiPoint"",""coordinates"":[]}"
975_0,5,975,158,21,2,74,41,"{""type"":""MultiPoint"",""coordinates"":[]}"
976_0,5,976,150,35,2,74,26,"{""type"":""MultiPoint"",""coordinates"":[]}"
977_0,5,977,153,30,2,77,35,"{""type"":""MultiPoint"",""coordinates"":[]}"
978_0,2,978,157,18,2,79,48,"{""type"":""MultiPoint"",""coordinates"":[]}"
979_0,5,979,156,25,3,70,37,"{""type"":""MultiPoint"",""coordinates"":[]}"
980_0,2,980,157,18,2,80,45,"{""type"":""MultiPoint"",""coordinates"":[]}"
981_0,2,981,163,22,2,78,43,"{""type"":""MultiPoint"",""coordinates"":[]}"
982_0,5,982,160,25,2,77,37,"{""type"":""MultiPoint"",""coordinates"":[]}"
983_0,2,983,155,18,2,79,47,"{""type"":""MultiPoint"",""coordinates"":[]}"
984_0,0,984,147,34,2,76,25,"{""type"":""MultiPoint"",""coordinates"":[]}"
985_0,1,985,147,17,2,78,50,"{""type"":""MultiPoint"",""coordinates"":[]}"
986_0,3,986,156,15,2,77,52,"{""type"":""MultiPoint"",""coordinates"":[]}"
987_0,2,987,155,22,2,74,38,"{""type"":""MultiPoint"",""coordinates"":[]}"
988_0,1,988,153,25,3,69,36,"{""type"":""MultiPoint"",""coordinates"":[]}"
989_0,1,989,160,26,2,72,36,"{""type"":""MultiPoint"",""coordinates"":[]}"
990_0,0,990,146,39,4,74,19,"{""type"":""MultiPoint"",""coordinates"":[]}"
991_0,5,991,166,21,2,72,41,"{""type"":""MultiPoint"",""coordinates"":[]}"
992_0,5,992,163,34,2,73,29,"{""type"":""MultiPoint"",""coordinates"":[]}"
993_0,2,993,153,17,2,80,50,"{""type"":""MultiPoint"",""coordinates"":[]}"
994_0,5,994,160,20,2,79,40,"{""type"":""MultiPoint"",""coordinates"":[]}"
995_0,2,995,158,22,2,78,44,"{""type"":""MultiPoint"",""coordinates"":[]}"
996_0,5,996,162,31,2,75,31,"{""type"":""MultiPoint"",""coordinates"":[]}"
997_0,2,997,156,17,2,78,48,"{""type"":""MultiPoint"",""coordinates"":[]}"
998_0,2,998,144,25,2,73,35,"{""type"":""MultiPoint"",""coordinates"":[]}"
999_0,2,999,157,24,2,77,36,"{""type"":""MultiPoint"",""coordinates"":[]}"
1000_0,5,1000,155,28,2,78,34,"{""type"":""MultiPoint"",""coordinates"":[]}"
1001_0,0,1001,147,35,5,73,31,"{""type"":""MultiPoint"",""coordinates"":[]}"
1002_0,5,1002,154,21,2,75,41,"{""type"":""MultiPoint"",""coordinates"":[]}"
1003_0,2,1003,153,22,2,74,37,"{""type"":""MultiPoint"",""coordinates"":[]}"
1004_0,3,1004,156,17,2,80,46,"{""type"":""MultiPoint"",""coordinates"":[]}"
1005_0,5,1005,154,27,3,74,33,"{""type"":""MultiPoint"",""coordinates"":[]}"
1006_0,5,1006,159,21,4,75,39,"{""type"":""MultiPoint"",""coordinates"":[]}"
1007_0,1,1007,157,16,2,78,51,"{""type"":""MultiPoint"",""coordinates"":[]}"
1008_0,5,1008,155,23,3,75,38,"{""type"":""MultiPoint"",""coordinates"":[]}"
1009_0,5,1009,156,21,2,75,45,"{""type"":""MultiPoint"",""coordinates"":[]}"
1010_0,5,1010,151,24,2,76,36,"{""type"":""MultiPoint"",""coordinates"":[]}"
1011_0,5,1011,146,30,2,75,29,"{""type"":""MultiPoint"",""coordinates"":[]}"
1012_0,5,1012,158,27,2,76,35,"{""type"":""MultiPoint"",""coordinates"":[]}"
1013_0,2,1013,153,27,2,74,34,"{""type"":""MultiPoint"",""coordinates"":[]}"
1014_0,2,1014,156,21,2,78,43,"{""type"":""MultiPoint"",""coordinates"":[]}"
1015_0,1,1015,155,23,4,73,38,"{""type"":""MultiPoint"",""coordinates"":[]}"
1016_0,1,1016,0,0,0,0,0,"{""type"":""MultiPoint"",""coordinates"":[]}"
1017_0,0,1017,148,34,2,77,23,"{""type"":""MultiPoint"",""coordinates"":[]}"
1018_0,2,1018,153,24,2,73,41,"{""type"":""MultiPoint"",""coordinates"":[]}"
1019_0,5,1019,160,21,2,78,47,"{""type"":""MultiPoint"",""coordinates"":[]}"
1020_0,5,1020,154,22,3,73,46,"{""type"":""MultiPoint"",""coordinates"":[]}"
1021_0,1,1021,155,15,2,77,48,"{""type"":""MultiPoint"",""coordinates"":[]}"
1022_0,0,1022,152,32,3,75,28,"{""type"":""MultiPoint"",""coordinates"":[]}"
1023_0,5,1023,158,28,2,78,32,"{""type"":""MultiPoint"",""coordinates"":[]}"
1024_0,1,1024,162,22,2,71,47,"{""type"":""MultiPoint"",""coordinates"":[]}"
1025_0,2,1025,157,22,2,78,43,"{""type"":""MultiPoint"",""coordinates"":[]}"
1026_0,2,1026,148,32,2,74,24,"{""type"":""MultiPoint"",""coordinates"":[]}"
1027_0,2,1027,155,18,3,76,42,"{""type"":""MultiPoint"",""coordinates"":[]}"
1028_0,0,1028,148,39,4,74,25,"{""type"":""MultiPoint"",""coordinates"":[]}"
1029_0,0,1029,136,40,4,72,20,"{""type"":""MultiPoint"",""coordinates"":[]}"
1030_0,1,1030,160,17,2,79,45,"{""type"":""MultiPoint"",""coordinates"":[]}"
1031_0,0,1031,150,27,2,72,33,"{""type"":""MultiPoint"",""coordinates"":[]}"
1032_0,4,1032,155,20,1,79,49,"{""type"":""MultiPoint"",""coordinates"":[]}"
1033_0,5,1033,157,24,2,74,41,"{""type"":""MultiPoint"",""coordinates"":[]}"
1034_0,5,1034,121,36,19,76,32,"{""type"":""MultiPoint"",""coordinates"":[]}"
1035_0,3,1035,154,19,3,76,45,"{""type"":""MultiPoint"",""coordinates"":[]}"
1036_0,2,1036,153,24,2,74,37,"{""type"":""MultiPoint"",""coordinates"":[]}"
1037_0,0,1037,146,41,3,74,21,"{""type"":""MultiPoint"",""coordinates"":[]}"
1038_0,1,1038,155,26,2,76,34,"{""type"":""MultiPoint"",""coordinates"":[]}"
1039_0,5,1039,150,23,3,76,39,"{""type"":""MultiPoint"",""coordinates"":[]}"
1040_0,2,1040,154,20,2,80,45,"{""type"":""MultiPoint"",""coordinates"":[]}"
1041_0,5,1041,162,18,2,77,48,"{""type"":""MultiPoint"",""coordinates"":[]}"
1042_0,2,1042,150,32,3,73,30,"{""type"":""MultiPoint"",""coordinates"":[]}"
1043_0,5,1043,164,25,2,72,36,"{""type"":""MultiPoint"",""coordinates"":[]}"
1044_0,5,1044,156,20,2,76,43,"{""type"":""MultiPoint"",""coordinates"":[]}"
1045_0,0,1045,147,40,5,76,22,"{""type"":""MultiPoint"",""coordinates"":[]}"
1046_0,2,1046,156,22,2,78,43,"{""type"":""MultiPoint"",""coordinates"":[]}"
1047_0,5,1047,159,24,3,74,41,"{""type"":""MultiPoint"",""coordinates"":[]}"
1048_0,2,1048,155,23,2,77,38,"{""type"":""MultiPoint"",""coordinates"":[]}"
1049_0,5,1049,142,35,4,78,28,"{""type"":""MultiPoint"",""coordinates"":[]}"
1050_0,5,1050,153,17,2,75,41,"{""type"":""MultiPoint"",""coordinates"":[]}"
1051_0,5,1051,159,22,2,73,44,"{""type"":""MultiPoint"",""coordinates"":[]}"
1052_0,0,1052,123,41,4,75,22,"{""type"":""MultiPoint"",""coordinates"":[]}"
1053_0,2,1053,154,32,2,71,28,"{""type"":""MultiPoint"",""coordinates"":[]}"
1054_0,0,1054,137,35,5,77,27,"{""type"":""MultiPoint"",""coordinates"":[]}"
1055_0,5,1055,157,23,2,77,40,"{""type"":""MultiPoint"",""coordinates"":[]}"
1056_0,3,1056,154,19,2,80,48,"{""type"":""MultiPoint"",""coordinates"":[]}"
1057_0,5,1057,157,24,2,75,36,"{""type"":""MultiPoint"",""coordinates"":[]}"
1058_0,5,1058,157,20,2,74,41,"{""type"":""MultiPoint"",""coordinates"":[]}"
1059_0,2,1059,155,21,1,80,47,"{""type"":""MultiPoint"",""coordinates"":[]}"
1060_0,5,1060,156,19,2,74,46,"{""type"":""MultiPoint"",""coordinates"":[]}"
1061_0,0,1061,162,23,4,74,40,"{""type"":""MultiPoint"",""coordinates"":[]}"
1062_0,5,1062,150,24,2,76,39,"{""type"":""MultiPoint"",""coordinates"":[]}"
1063_0,0,1063,148,33,4,75,32,"{""type"":""MultiPoint"",""coordinates"":[]}"
1064_0,2,1064,155,22,2,73,45,"{""type"":""MultiPoint"",""coordinates"":[]}"
1065_0,3,1065,157,22,2,76,46,"{""type"":""MultiPoint"",""coordinates"":[]}"
1066_0,1,1066,157,23,2,76,37,"{""type"":""MultiPoint"",""coordinates"":[]}"
1067_0,3,1067,157,15,2,71,50,"{""type"":""MultiPoint"",""coordinates"":[]}"
1068_0,0,1068,151,34,4,76,27,"{""type"":""MultiPoint"",""coordinates"":[]}"
1069_0,0,1069,142,45,5,73,20,"{""type"":""MultiPoint"",""coordinates"":[]}"
1070_0,0,1070,147,44,4,75,23,"{""type"":""MultiPoint"",""coordinates"":[]}"
1071_0,2,1071,157,21,2,80,47,"{""type"":""MultiPoint"",""coordinates"":[]}"
1072_0,5,1072,161,23,2,74,42,"{""type"":""MultiPoint"",""coordinates"":[]}"
1073_0,5,1073,160,21,2,77,38,"{""type"":""MultiPoint"",""coordinates"":[]}"
1074_0,2,1074,154,22,2,79,45,"{""type"":""MultiPoint"",""coordinates"":[]}"
1075_0,2,1075,153,20,2,73,39,"{""type"":""MultiPoint"",""coordinates"":[]}"
1076_0,0,1076,143,38,5,75,22,"{""type"":""MultiPoint"",""coordinates"":[]}"
1077_0,5,1077,161,21,2,80,46,"{""type"":""MultiPoint"",""coordinates"":[]}"
1078_0,2,1078,163,18,2,77,42,"{""type"":""MultiPoint"",""coordinates"":[]}"
1079_0,5,1079,165,21,2,72,42,"{""type"":""MultiPoint"",""coordinates"":[]}"
1080_0,0,1080,144,42,5,75,23,"{""type"":""MultiPoint"",""coordinates"":[]}"
1081_0,5,1081,160,28,2,78,35,"{""type"":""MultiPoint"",""coordinates"":[]}"
1082_0,2,1082,150,29,3,71,31,"{""type"":""MultiPoint"",""coordinates"":[]}"
1083_0,2,1083,158,20,2,80,45,"{""type"":""MultiPoint"",""coordinates"":[]}"
1084_0,2,1084,147,30,2,72,35,"{""type"":""MultiPoint"",""coordinates"":[]}"
1085_0,5,1085,155,19,2,77,45,"{""type"":""MultiPoint"",""coordinates"":[]}"
1086_0,0,1086,149,31,4,71,31,"{""type"":""MultiPoint"",""coordinates"":[]}"
1087_0,0,1087,136,39,4,69,25,"{""type"":""MultiPoint"",""coordinates"":[]}"
1088_0,5,1088,163,29,2,75,32,"{""type"":""MultiPoint"",""coordinates"":[]}"
1089_0,5,1089,154,24,2,77,38,"{""type"":""MultiPoint"",""coordinates"":[]}"
1090_0,3,1090,157,19,2,77,40,"{""type"":""MultiPoint"",""coordinates"":[]}"
1091_0,2,1091,155,17,2,80,51,"{""type"":""MultiPoint"",""coordinates"":[]}"
1092_0,0,1092,137,43,5,78,15,"{""type"":""MultiPoint"",""coordinates"":[]}"
1093_0,2,1093,157,21,2,76,41,"{""type"":""MultiPoint"",""coordinates"":[]}"
1094_0,2,1094,159,23,2,79,44,"{""type"":""MultiPoint"",""coordinates"":[]}"
1095_0,5,1095,155,22,2,72,38,"{""type"":""MultiPoint"",""coordinates"":[]}"
1096_0,1,1096,161,23,2,73,40,"{""type"":""MultiPoint"",""coordinates"":[]}"
1097_0,2,1097,157,22,2,79,42,"{""type"":""MultiPoint"",""coordinates"":[]}"
1098_0,5,1098,160,31,2,73,28,"{""type"":""MultiPoint"",""coordinates"":[]}"
1099_0,1,1099,160,21,2,72,42,"{""type"":""MultiPoint"",""coordinates"":[]}"
1100_0,1,1100,156,29,2,77,33,"{""type"":""MultiPoint"",""coordinates"":[]}"
1101_0,2,1101,152,19,2,80,43,"{""type"":""MultiPoint"",""coordinates"":[]}"
1102_0,2,1102,158,21,2,80,45,"{""type"":""MultiPoint"",""coordinates"":[]}"
1103_0,2,1103,166,21,2,76,43,"{""type"":""MultiPoint"",""coordinates"":[]}"
1104_0,2,1104,156,25,2,75,36,"{""type"":""MultiPoint"",""coordinates"":[]}"
1105_0,2,1105,156,21,2,80,45,"{""type"":""MultiPoint"",""coordinates"":[]}"
1106_0,0,1106,163,20,3,73,43,"{""type"":""MultiPoint"",""coordinates"":[]}"
1107_0,3,1107,157,16,2,79,49,"{""type"":""MultiPoint"",""coordinates"":[]}"
1108_0,2,1108,144,25,2,73,35,"{""type"":""MultiPoint"",""coordinates"":[]}"
1109_0,5,1109,157,27,2,77,36,"{""type"":""MultiPoint"",""coordinates"":[]}"
1110_0,4,1110,154,18,2,75,44,"{""type"":""MultiPoint"",""coordinates"":[]}"
